id,section,row,column,group,group_index,x_warp,y_warp,x_image,y_image,visible_score,connection_name,connection_type,connection_axis,connection_index,connection_member_count,adjacent_connected_ids
A00,terminal_upper,A,0,,,69.225,201.243,126.94,549.51,46.062,terminal_upper_col_00,vertical_terminal_strip,vertical,0,5,B00
A01,terminal_upper,A,1,,,105.948,201.243,166.594,550.012,56.136,terminal_upper_col_01,vertical_terminal_strip,vertical,0,5,B01
A02,terminal_upper,A,2,,,142.672,201.243,206.139,550.513,62.21,terminal_upper_col_02,vertical_terminal_strip,vertical,0,5,B02
A03,terminal_upper,A,3,,,179.396,201.243,245.574,551.012,59.765,terminal_upper_col_03,vertical_terminal_strip,vertical,0,5,B03
A04,terminal_upper,A,4,,,216.119,201.243,284.902,551.509,70.309,terminal_upper_col_04,vertical_terminal_strip,vertical,0,5,B04
A05,terminal_upper,A,5,,,252.843,201.243,324.121,552.006,73.062,terminal_upper_col_05,vertical_terminal_strip,vertical,0,5,B05
A06,terminal_upper,A,6,,,289.567,201.243,363.232,552.501,94.111,terminal_upper_col_06,vertical_terminal_strip,vertical,0,5,B06
A07,terminal_upper,A,7,,,326.291,201.243,402.237,552.994,86.617,terminal_upper_col_07,vertical_terminal_strip,vertical,0,5,B07
A08,terminal_upper,A,8,,,363.014,201.243,441.134,553.487,97.037,terminal_upper_col_08,vertical_terminal_strip,vertical,0,5,B08
A09,terminal_upper,A,9,,,399.738,201.243,479.925,553.978,116.864,terminal_upper_col_09,vertical_terminal_strip,vertical,0,5,B09
A10,terminal_upper,A,10,,,436.462,201.243,518.61,554.467,119.123,terminal_upper_col_10,vertical_terminal_strip,vertical,0,5,B10
A11,terminal_upper,A,11,,,473.186,201.243,557.19,554.956,122.901,terminal_upper_col_11,vertical_terminal_strip,vertical,0,5,B11
A12,terminal_upper,A,12,,,509.909,201.243,595.665,555.443,109.383,terminal_upper_col_12,vertical_terminal_strip,vertical,0,5,B12
A13,terminal_upper,A,13,,,546.633,201.243,634.035,555.928,148.951,terminal_upper_col_13,vertical_terminal_strip,vertical,0,5,B13
A14,terminal_upper,A,14,,,583.357,201.243,672.301,556.412,139.877,terminal_upper_col_14,vertical_terminal_strip,vertical,0,5,B14
A15,terminal_upper,A,15,,,620.081,201.243,710.463,556.895,152.802,terminal_upper_col_15,vertical_terminal_strip,vertical,0,5,B15
A16,terminal_upper,A,16,,,656.804,201.243,748.522,557.377,162.21,terminal_upper_col_16,vertical_terminal_strip,vertical,0,5,B16
A17,terminal_upper,A,17,,,693.528,201.243,786.478,557.857,158.704,terminal_upper_col_17,vertical_terminal_strip,vertical,0,5,B17
A18,terminal_upper,A,18,,,730.252,201.243,824.332,558.337,171.432,terminal_upper_col_18,vertical_terminal_strip,vertical,0,5,B18
A19,terminal_upper,A,19,,,766.975,201.243,862.083,558.814,160.272,terminal_upper_col_19,vertical_terminal_strip,vertical,0,5,B19
A20,terminal_upper,A,20,,,803.699,201.243,899.733,559.291,177.531,terminal_upper_col_20,vertical_terminal_strip,vertical,0,5,B20
A21,terminal_upper,A,21,,,840.423,201.243,937.281,559.766,162.679,terminal_upper_col_21,vertical_terminal_strip,vertical,0,5,B21
A22,terminal_upper,A,22,,,877.147,201.243,974.729,560.24,155.123,terminal_upper_col_22,vertical_terminal_strip,vertical,0,5,B22
A23,terminal_upper,A,23,,,913.87,201.243,1012.076,560.713,161.531,terminal_upper_col_23,vertical_terminal_strip,vertical,0,5,B23
A24,terminal_upper,A,24,,,950.594,201.243,1049.323,561.184,156.605,terminal_upper_col_24,vertical_terminal_strip,vertical,0,5,B24
A25,terminal_upper,A,25,,,987.318,201.243,1086.47,561.654,151.642,terminal_upper_col_25,vertical_terminal_strip,vertical,0,5,B25
A26,terminal_upper,A,26,,,1024.042,201.243,1123.519,562.123,144.519,terminal_upper_col_26,vertical_terminal_strip,vertical,0,5,B26
A27,terminal_upper,A,27,,,1060.765,201.243,1160.468,562.591,148.457,terminal_upper_col_27,vertical_terminal_strip,vertical,0,5,B27
A28,terminal_upper,A,28,,,1097.489,201.243,1197.319,563.057,129.333,terminal_upper_col_28,vertical_terminal_strip,vertical,0,5,B28
A29,terminal_upper,A,29,,,1134.213,201.243,1234.072,563.522,156.84,terminal_upper_col_29,vertical_terminal_strip,vertical,0,5,B29
A30,terminal_upper,A,30,,,1170.937,201.243,1270.727,563.986,148.753,terminal_upper_col_30,vertical_terminal_strip,vertical,0,5,B30
A31,terminal_upper,A,31,,,1207.66,201.243,1307.285,564.449,153.21,terminal_upper_col_31,vertical_terminal_strip,vertical,0,5,B31
A32,terminal_upper,A,32,,,1244.384,201.243,1343.746,564.91,138.543,terminal_upper_col_32,vertical_terminal_strip,vertical,0,5,B32
A33,terminal_upper,A,33,,,1281.108,201.243,1380.11,565.371,129.691,terminal_upper_col_33,vertical_terminal_strip,vertical,0,5,B33
A34,terminal_upper,A,34,,,1317.831,201.243,1416.379,565.83,121.741,terminal_upper_col_34,vertical_terminal_strip,vertical,0,5,B34
A35,terminal_upper,A,35,,,1354.555,201.243,1452.551,566.287,120.123,terminal_upper_col_35,vertical_terminal_strip,vertical,0,5,B35
A36,terminal_upper,A,36,,,1391.279,201.243,1488.628,566.744,117.444,terminal_upper_col_36,vertical_terminal_strip,vertical,0,5,B36
A37,terminal_upper,A,37,,,1428.003,201.243,1524.611,567.2,110.531,terminal_upper_col_37,vertical_terminal_strip,vertical,0,5,B37
A38,terminal_upper,A,38,,,1464.726,201.243,1560.498,567.654,129.815,terminal_upper_col_38,vertical_terminal_strip,vertical,0,5,B38
A39,terminal_upper,A,39,,,1501.45,201.243,1596.292,568.107,96.543,terminal_upper_col_39,vertical_terminal_strip,vertical,0,5,B39
A40,terminal_upper,A,40,,,1538.174,201.243,1631.991,568.559,93.444,terminal_upper_col_40,vertical_terminal_strip,vertical,0,5,B40
A41,terminal_upper,A,41,,,1574.898,201.243,1667.597,569.009,79.086,terminal_upper_col_41,vertical_terminal_strip,vertical,0,5,B41
A42,terminal_upper,A,42,,,1611.621,201.243,1703.11,569.459,76.642,terminal_upper_col_42,vertical_terminal_strip,vertical,0,5,B42
A43,terminal_upper,A,43,,,1648.345,201.243,1738.53,569.907,71.605,terminal_upper_col_43,vertical_terminal_strip,vertical,0,5,B43
A44,terminal_upper,A,44,,,1685.069,201.243,1773.858,570.354,82.79,terminal_upper_col_44,vertical_terminal_strip,vertical,0,5,B44
A45,terminal_upper,A,45,,,1721.793,201.243,1809.094,570.8,59.938,terminal_upper_col_45,vertical_terminal_strip,vertical,0,5,B45
A46,terminal_upper,A,46,,,1758.516,201.243,1844.238,571.245,56.975,terminal_upper_col_46,vertical_terminal_strip,vertical,0,5,B46
A47,terminal_upper,A,47,,,1795.24,201.243,1879.29,571.688,65.667,terminal_upper_col_47,vertical_terminal_strip,vertical,0,5,B47
A48,terminal_upper,A,48,,,1831.964,201.243,1914.252,572.131,49.012,terminal_upper_col_48,vertical_terminal_strip,vertical,0,5,B48
A49,terminal_upper,A,49,,,1868.687,201.243,1949.123,572.572,52.58,terminal_upper_col_49,vertical_terminal_strip,vertical,0,5,B49
A50,terminal_upper,A,50,,,1905.411,201.243,1983.904,573.012,45.457,terminal_upper_col_50,vertical_terminal_strip,vertical,0,5,B50
A51,terminal_upper,A,51,,,1942.135,201.243,2018.595,573.451,37.79,terminal_upper_col_51,vertical_terminal_strip,vertical,0,5,B51
A52,terminal_upper,A,52,,,1978.859,201.243,2053.196,573.889,39.37,terminal_upper_col_52,vertical_terminal_strip,vertical,0,5,B52
A53,terminal_upper,A,53,,,2015.582,201.243,2087.708,574.326,48.21,terminal_upper_col_53,vertical_terminal_strip,vertical,0,5,B53
A54,terminal_upper,A,54,,,2052.306,201.243,2122.131,574.762,39.519,terminal_upper_col_54,vertical_terminal_strip,vertical,0,5,B54
A55,terminal_upper,A,55,,,2089.03,201.243,2156.466,575.196,38.481,terminal_upper_col_55,vertical_terminal_strip,vertical,0,5,B55
A56,terminal_upper,A,56,,,2125.754,201.243,2190.713,575.63,36.691,terminal_upper_col_56,vertical_terminal_strip,vertical,0,5,B56
A57,terminal_upper,A,57,,,2162.477,201.243,2224.871,576.062,30.062,terminal_upper_col_57,vertical_terminal_strip,vertical,0,5,B57
A58,terminal_upper,A,58,,,2199.201,201.243,2258.942,576.493,32.963,terminal_upper_col_58,vertical_terminal_strip,vertical,0,5,B58
A59,terminal_upper,A,59,,,2235.925,201.243,2292.926,576.924,33.926,terminal_upper_col_59,vertical_terminal_strip,vertical,0,5,B59
A60,terminal_upper,A,60,,,2272.649,201.243,2326.823,577.353,29.16,terminal_upper_col_60,vertical_terminal_strip,vertical,0,5,B60
A61,terminal_upper,A,61,,,2309.372,201.243,2360.634,577.78,21.741,terminal_upper_col_61,vertical_terminal_strip,vertical,0,5,B61
A62,terminal_upper,A,62,,,2346.096,201.243,2394.358,578.207,19.395,terminal_upper_col_62,vertical_terminal_strip,vertical,0,5,B62
B00,terminal_upper,B,0,,,69.225,239.538,127.19,587.926,47.383,terminal_upper_col_00,vertical_terminal_strip,vertical,1,5,A00;C00
B01,terminal_upper,B,1,,,105.948,239.538,166.824,588.374,58.765,terminal_upper_col_01,vertical_terminal_strip,vertical,1,5,A01;C01
B02,terminal_upper,B,2,,,142.672,239.538,206.349,588.821,59.815,terminal_upper_col_02,vertical_terminal_strip,vertical,1,5,A02;C02
B03,terminal_upper,B,3,,,179.396,239.538,245.764,589.268,62.123,terminal_upper_col_03,vertical_terminal_strip,vertical,1,5,A03;C03
B04,terminal_upper,B,4,,,216.119,239.538,285.072,589.712,69.383,terminal_upper_col_04,vertical_terminal_strip,vertical,1,5,A04;C04
B05,terminal_upper,B,5,,,252.843,239.538,324.271,590.156,75.235,terminal_upper_col_05,vertical_terminal_strip,vertical,1,5,A05;C05
B06,terminal_upper,B,6,,,289.567,239.538,363.363,590.599,86.383,terminal_upper_col_06,vertical_terminal_strip,vertical,1,5,A06;C06
B07,terminal_upper,B,7,,,326.291,239.538,402.347,591.04,84.321,terminal_upper_col_07,vertical_terminal_strip,vertical,1,5,A07;C07
B08,terminal_upper,B,8,,,363.014,239.538,441.225,591.48,104.259,terminal_upper_col_08,vertical_terminal_strip,vertical,1,5,A08;C08
B09,terminal_upper,B,9,,,399.738,239.538,479.997,591.919,121.383,terminal_upper_col_09,vertical_terminal_strip,vertical,1,5,A09;C09
B10,terminal_upper,B,10,,,436.462,239.538,518.663,592.356,120.617,terminal_upper_col_10,vertical_terminal_strip,vertical,1,5,A10;C10
B11,terminal_upper,B,11,,,473.186,239.538,557.223,592.793,101.691,terminal_upper_col_11,vertical_terminal_strip,vertical,1,5,A11;C11
B12,terminal_upper,B,12,,,509.909,239.538,595.679,593.228,84.296,terminal_upper_col_12,vertical_terminal_strip,vertical,1,5,A12;C12
B13,terminal_upper,B,13,,,546.633,239.538,634.03,593.662,141.494,terminal_upper_col_13,vertical_terminal_strip,vertical,1,5,A13;C13
B14,terminal_upper,B,14,,,583.357,239.538,672.277,594.095,129.37,terminal_upper_col_14,vertical_terminal_strip,vertical,1,5,A14;C14
B15,terminal_upper,B,15,,,620.081,239.538,710.42,594.526,146.481,terminal_upper_col_15,vertical_terminal_strip,vertical,1,5,A15;C15
B16,terminal_upper,B,16,,,656.804,239.538,748.461,594.957,150.951,terminal_upper_col_16,vertical_terminal_strip,vertical,1,5,A16;C16
B17,terminal_upper,B,17,,,693.528,239.538,786.398,595.386,156.889,terminal_upper_col_17,vertical_terminal_strip,vertical,1,5,A17;C17
B18,terminal_upper,B,18,,,730.252,239.538,824.233,595.814,165.198,terminal_upper_col_18,vertical_terminal_strip,vertical,1,5,A18;C18
B19,terminal_upper,B,19,,,766.975,239.538,861.966,596.242,169.21,terminal_upper_col_19,vertical_terminal_strip,vertical,1,5,A19;C19
B20,terminal_upper,B,20,,,803.699,239.538,899.597,596.667,171.951,terminal_upper_col_20,vertical_terminal_strip,vertical,1,5,A20;C20
B21,terminal_upper,B,21,,,840.423,239.538,937.127,597.092,162.16,terminal_upper_col_21,vertical_terminal_strip,vertical,1,5,A21;C21
B22,terminal_upper,B,22,,,877.147,239.538,974.557,597.516,170.556,terminal_upper_col_22,vertical_terminal_strip,vertical,1,5,A22;C22
B23,terminal_upper,B,23,,,913.87,239.538,1011.886,597.938,163.148,terminal_upper_col_23,vertical_terminal_strip,vertical,1,5,A23;C23
B24,terminal_upper,B,24,,,950.594,239.538,1049.115,598.36,167.642,terminal_upper_col_24,vertical_terminal_strip,vertical,1,5,A24;C24
B25,terminal_upper,B,25,,,987.318,239.538,1086.245,598.78,161.025,terminal_upper_col_25,vertical_terminal_strip,vertical,1,5,A25;C25
B26,terminal_upper,B,26,,,1024.042,239.538,1123.275,599.199,154.074,terminal_upper_col_26,vertical_terminal_strip,vertical,1,5,A26;C26
B27,terminal_upper,B,27,,,1060.765,239.538,1160.207,599.617,146.79,terminal_upper_col_27,vertical_terminal_strip,vertical,1,5,A27;C27
B28,terminal_upper,B,28,,,1097.489,239.538,1197.04,600.034,155.111,terminal_upper_col_28,vertical_terminal_strip,vertical,1,5,A28;C28
B29,terminal_upper,B,29,,,1134.213,239.538,1233.775,600.449,170.432,terminal_upper_col_29,vertical_terminal_strip,vertical,1,5,A29;C29
B30,terminal_upper,B,30,,,1170.937,239.538,1270.413,600.864,151.074,terminal_upper_col_30,vertical_terminal_strip,vertical,1,5,A30;C30
B31,terminal_upper,B,31,,,1207.66,239.538,1306.954,601.278,77.247,terminal_upper_col_31,vertical_terminal_strip,vertical,1,5,A31;C31
B32,terminal_upper,B,32,,,1244.384,239.538,1343.398,601.69,88.716,terminal_upper_col_32,vertical_terminal_strip,vertical,1,5,A32;C32
B33,terminal_upper,B,33,,,1281.108,239.538,1379.745,602.102,133.543,terminal_upper_col_33,vertical_terminal_strip,vertical,1,5,A33;C33
B34,terminal_upper,B,34,,,1317.831,239.538,1415.996,602.512,123.086,terminal_upper_col_34,vertical_terminal_strip,vertical,1,5,A34;C34
B35,terminal_upper,B,35,,,1354.555,239.538,1452.152,602.921,116.889,terminal_upper_col_35,vertical_terminal_strip,vertical,1,5,A35;C35
B36,terminal_upper,B,36,,,1391.279,239.538,1488.213,603.329,139.506,terminal_upper_col_36,vertical_terminal_strip,vertical,1,5,A36;C36
B37,terminal_upper,B,37,,,1428.003,239.538,1524.178,603.736,110.877,terminal_upper_col_37,vertical_terminal_strip,vertical,1,5,A37;C37
B38,terminal_upper,B,38,,,1464.726,239.538,1560.049,604.142,119.654,terminal_upper_col_38,vertical_terminal_strip,vertical,1,5,A38;C38
B39,terminal_upper,B,39,,,1501.45,239.538,1595.826,604.547,103.593,terminal_upper_col_39,vertical_terminal_strip,vertical,1,5,A39;C39
B40,terminal_upper,B,40,,,1538.174,239.538,1631.509,604.951,102.963,terminal_upper_col_40,vertical_terminal_strip,vertical,1,5,A40;C40
B41,terminal_upper,B,41,,,1574.898,239.538,1667.099,605.354,102.321,terminal_upper_col_41,vertical_terminal_strip,vertical,1,5,A41;C41
B42,terminal_upper,B,42,,,1611.621,239.538,1702.595,605.755,76.062,terminal_upper_col_42,vertical_terminal_strip,vertical,1,5,A42;C42
B43,terminal_upper,B,43,,,1648.345,239.538,1737.999,606.156,78.864,terminal_upper_col_43,vertical_terminal_strip,vertical,1,5,A43;C43
B44,terminal_upper,B,44,,,1685.069,239.538,1773.311,606.556,80.333,terminal_upper_col_44,vertical_terminal_strip,vertical,1,5,A44;C44
B45,terminal_upper,B,45,,,1721.793,239.538,1808.53,606.954,68.296,terminal_upper_col_45,vertical_terminal_strip,vertical,1,5,A45;C45
B46,terminal_upper,B,46,,,1758.516,239.538,1843.658,607.352,58.679,terminal_upper_col_46,vertical_terminal_strip,vertical,1,5,A46;C46
B47,terminal_upper,B,47,,,1795.24,239.538,1878.695,607.748,58.284,terminal_upper_col_47,vertical_terminal_strip,vertical,1,5,A47;C47
B48,terminal_upper,B,48,,,1831.964,239.538,1913.641,608.144,56.198,terminal_upper_col_48,vertical_terminal_strip,vertical,1,5,A48;C48
B49,terminal_upper,B,49,,,1868.687,239.538,1948.497,608.538,51.148,terminal_upper_col_49,vertical_terminal_strip,vertical,1,5,A49;C49
B50,terminal_upper,B,50,,,1905.411,239.538,1983.262,608.932,49.519,terminal_upper_col_50,vertical_terminal_strip,vertical,1,5,A50;C50
B51,terminal_upper,B,51,,,1942.135,239.538,2017.937,609.324,39.765,terminal_upper_col_51,vertical_terminal_strip,vertical,1,5,A51;C51
B52,terminal_upper,B,52,,,1978.859,239.538,2052.523,609.716,42.333,terminal_upper_col_52,vertical_terminal_strip,vertical,1,5,A52;C52
B53,terminal_upper,B,53,,,2015.582,239.538,2087.02,610.106,28.63,terminal_upper_col_53,vertical_terminal_strip,vertical,1,5,A53;C53
B54,terminal_upper,B,54,,,2052.306,239.538,2121.427,610.496,52.84,terminal_upper_col_54,vertical_terminal_strip,vertical,1,5,A54;C54
B55,terminal_upper,B,55,,,2089.03,239.538,2155.747,610.884,34.42,terminal_upper_col_55,vertical_terminal_strip,vertical,1,5,A55;C55
B56,terminal_upper,B,56,,,2125.754,239.538,2189.979,611.271,40.531,terminal_upper_col_56,vertical_terminal_strip,vertical,1,5,A56;C56
B57,terminal_upper,B,57,,,2162.477,239.538,2224.122,611.658,31.988,terminal_upper_col_57,vertical_terminal_strip,vertical,1,5,A57;C57
B58,terminal_upper,B,58,,,2199.201,239.538,2258.178,612.043,34.321,terminal_upper_col_58,vertical_terminal_strip,vertical,1,5,A58;C58
B59,terminal_upper,B,59,,,2235.925,239.538,2292.147,612.428,34.198,terminal_upper_col_59,vertical_terminal_strip,vertical,1,5,A59;C59
B60,terminal_upper,B,60,,,2272.649,239.538,2326.029,612.811,31.765,terminal_upper_col_60,vertical_terminal_strip,vertical,1,5,A60;C60
B61,terminal_upper,B,61,,,2309.372,239.538,2359.825,613.194,29.272,terminal_upper_col_61,vertical_terminal_strip,vertical,1,5,A61;C61
B62,terminal_upper,B,62,,,2346.096,239.538,2393.535,613.575,19.049,terminal_upper_col_62,vertical_terminal_strip,vertical,1,5,A62;C62
C00,terminal_upper,C,0,,,69.225,277.833,127.441,626.302,45.716,terminal_upper_col_00,vertical_terminal_strip,vertical,2,5,B00;D00
C01,terminal_upper,C,1,,,105.948,277.833,167.054,626.698,52.975,terminal_upper_col_01,vertical_terminal_strip,vertical,2,5,B01;D01
C02,terminal_upper,C,2,,,142.672,277.833,206.559,627.092,60.062,terminal_upper_col_02,vertical_terminal_strip,vertical,2,5,B02;D02
C03,terminal_upper,C,3,,,179.396,277.833,245.954,627.485,54.173,terminal_upper_col_03,vertical_terminal_strip,vertical,2,5,B03;D03
C04,terminal_upper,C,4,,,216.119,277.833,285.242,627.877,70.593,terminal_upper_col_04,vertical_terminal_strip,vertical,2,5,B04;D04
C05,terminal_upper,C,5,,,252.843,277.833,324.421,628.268,74.383,terminal_upper_col_05,vertical_terminal_strip,vertical,2,5,B05;D05
C06,terminal_upper,C,6,,,289.567,277.833,363.493,628.658,87.0,terminal_upper_col_06,vertical_terminal_strip,vertical,2,5,B06;D06
C07,terminal_upper,C,7,,,326.291,277.833,402.458,629.047,88.469,terminal_upper_col_07,vertical_terminal_strip,vertical,2,5,B07;D07
C08,terminal_upper,C,8,,,363.014,277.833,441.316,629.435,102.407,terminal_upper_col_08,vertical_terminal_strip,vertical,2,5,B08;D08
C09,terminal_upper,C,9,,,399.738,277.833,480.068,629.822,111.284,terminal_upper_col_09,vertical_terminal_strip,vertical,2,5,B09;D09
C10,terminal_upper,C,10,,,436.462,277.833,518.715,630.207,121.111,terminal_upper_col_10,vertical_terminal_strip,vertical,2,5,B10;D10
C11,terminal_upper,C,11,,,473.186,277.833,557.256,630.592,104.519,terminal_upper_col_11,vertical_terminal_strip,vertical,2,5,B11;D11
C12,terminal_upper,C,12,,,509.909,277.833,595.693,630.976,91.914,terminal_upper_col_12,vertical_terminal_strip,vertical,2,5,B12;D12
C13,terminal_upper,C,13,,,546.633,277.833,634.025,631.358,149.901,terminal_upper_col_13,vertical_terminal_strip,vertical,2,5,B13;D13
C14,terminal_upper,C,14,,,583.357,277.833,672.253,631.74,129.272,terminal_upper_col_14,vertical_terminal_strip,vertical,2,5,B14;D14
C15,terminal_upper,C,15,,,620.081,277.833,710.378,632.12,143.469,terminal_upper_col_15,vertical_terminal_strip,vertical,2,5,B15;D15
C16,terminal_upper,C,16,,,656.804,277.833,748.399,632.5,144.21,terminal_upper_col_16,vertical_terminal_strip,vertical,2,5,B16;D16
C17,terminal_upper,C,17,,,693.528,277.833,786.318,632.878,165.198,terminal_upper_col_17,vertical_terminal_strip,vertical,2,5,B17;D17
C18,terminal_upper,C,18,,,730.252,277.833,824.134,633.255,174.407,terminal_upper_col_18,vertical_terminal_strip,vertical,2,5,B18;D18
C19,terminal_upper,C,19,,,766.975,277.833,861.849,633.632,166.765,terminal_upper_col_19,vertical_terminal_strip,vertical,2,5,B19;D19
C20,terminal_upper,C,20,,,803.699,277.833,899.462,634.007,171.975,terminal_upper_col_20,vertical_terminal_strip,vertical,2,5,B20;D20
C21,terminal_upper,C,21,,,840.423,277.833,936.974,634.382,171.432,terminal_upper_col_21,vertical_terminal_strip,vertical,2,5,B21;D21
C22,terminal_upper,C,22,,,877.147,277.833,974.385,634.755,170.358,terminal_upper_col_22,vertical_terminal_strip,vertical,2,5,B22;D22
C23,terminal_upper,C,23,,,913.87,277.833,1011.696,635.127,162.012,terminal_upper_col_23,vertical_terminal_strip,vertical,2,5,B23;D23
C24,terminal_upper,C,24,,,950.594,277.833,1048.907,635.499,177.778,terminal_upper_col_24,vertical_terminal_strip,vertical,2,5,B24;D24
C25,terminal_upper,C,25,,,987.318,277.833,1086.019,635.869,170.025,terminal_upper_col_25,vertical_terminal_strip,vertical,2,5,B25;D25
C26,terminal_upper,C,26,,,1024.042,277.833,1123.032,636.238,135.037,terminal_upper_col_26,vertical_terminal_strip,vertical,2,5,B26;D26
C27,terminal_upper,C,27,,,1060.765,277.833,1159.946,636.607,139.975,terminal_upper_col_27,vertical_terminal_strip,vertical,2,5,B27;D27
C28,terminal_upper,C,28,,,1097.489,277.833,1196.761,636.974,133.111,terminal_upper_col_28,vertical_terminal_strip,vertical,2,5,B28;D28
C29,terminal_upper,C,29,,,1134.213,277.833,1233.479,637.341,12.963,terminal_upper_col_29,vertical_terminal_strip,vertical,2,5,B29;D29
C30,terminal_upper,C,30,,,1170.937,277.833,1270.1,637.706,115.901,terminal_upper_col_30,vertical_terminal_strip,vertical,2,5,B30;D30
C31,terminal_upper,C,31,,,1207.66,277.833,1306.623,638.071,142.506,terminal_upper_col_31,vertical_terminal_strip,vertical,2,5,B31;D31
C32,terminal_upper,C,32,,,1244.384,277.833,1343.05,638.434,139.42,terminal_upper_col_32,vertical_terminal_strip,vertical,2,5,B32;D32
C33,terminal_upper,C,33,,,1281.108,277.833,1379.38,638.797,134.395,terminal_upper_col_33,vertical_terminal_strip,vertical,2,5,B33;D33
C34,terminal_upper,C,34,,,1317.831,277.833,1415.615,639.159,122.025,terminal_upper_col_34,vertical_terminal_strip,vertical,2,5,B34;D34
C35,terminal_upper,C,35,,,1354.555,277.833,1451.753,639.519,133.914,terminal_upper_col_35,vertical_terminal_strip,vertical,2,5,B35;D35
C36,terminal_upper,C,36,,,1391.279,277.833,1487.797,639.879,131.593,terminal_upper_col_36,vertical_terminal_strip,vertical,2,5,B36;D36
C37,terminal_upper,C,37,,,1428.003,277.833,1523.746,640.238,116.728,terminal_upper_col_37,vertical_terminal_strip,vertical,2,5,B37;D37
C38,terminal_upper,C,38,,,1464.726,277.833,1559.6,640.596,126.753,terminal_upper_col_38,vertical_terminal_strip,vertical,2,5,B38;D38
C39,terminal_upper,C,39,,,1501.45,277.833,1595.36,640.952,107.679,terminal_upper_col_39,vertical_terminal_strip,vertical,2,5,B39;D39
C40,terminal_upper,C,40,,,1538.174,277.833,1631.027,641.308,110.086,terminal_upper_col_40,vertical_terminal_strip,vertical,2,5,B40;D40
C41,terminal_upper,C,41,,,1574.898,277.833,1666.6,641.663,105.556,terminal_upper_col_41,vertical_terminal_strip,vertical,2,5,B41;D41
C42,terminal_upper,C,42,,,1611.621,277.833,1702.081,642.018,81.16,terminal_upper_col_42,vertical_terminal_strip,vertical,2,5,B42;D42
C43,terminal_upper,C,43,,,1648.345,277.833,1737.469,642.371,74.383,terminal_upper_col_43,vertical_terminal_strip,vertical,2,5,B43;D43
C44,terminal_upper,C,44,,,1685.069,277.833,1772.764,642.723,63.37,terminal_upper_col_44,vertical_terminal_strip,vertical,2,5,B44;D44
C45,terminal_upper,C,45,,,1721.793,277.833,1807.968,643.074,68.074,terminal_upper_col_45,vertical_terminal_strip,vertical,2,5,B45;D45
C46,terminal_upper,C,46,,,1758.516,277.833,1843.08,643.425,67.877,terminal_upper_col_46,vertical_terminal_strip,vertical,2,5,B46;D46
C47,terminal_upper,C,47,,,1795.24,277.833,1878.101,643.774,60.284,terminal_upper_col_47,vertical_terminal_strip,vertical,2,5,B47;D47
C48,terminal_upper,C,48,,,1831.964,277.833,1913.031,644.123,55.407,terminal_upper_col_48,vertical_terminal_strip,vertical,2,5,B48;D48
C49,terminal_upper,C,49,,,1868.687,277.833,1947.871,644.471,59.173,terminal_upper_col_49,vertical_terminal_strip,vertical,2,5,B49;D49
C50,terminal_upper,C,50,,,1905.411,277.833,1982.62,644.817,49.84,terminal_upper_col_50,vertical_terminal_strip,vertical,2,5,B50;D50
C51,terminal_upper,C,51,,,1942.135,277.833,2017.28,645.163,45.704,terminal_upper_col_51,vertical_terminal_strip,vertical,2,5,B51;D51
C52,terminal_upper,C,52,,,1978.859,277.833,2051.85,645.508,42.58,terminal_upper_col_52,vertical_terminal_strip,vertical,2,5,B52;D52
C53,terminal_upper,C,53,,,2015.582,277.833,2086.332,645.852,29.642,terminal_upper_col_53,vertical_terminal_strip,vertical,2,5,B53;D53
C54,terminal_upper,C,54,,,2052.306,277.833,2120.724,646.196,34.778,terminal_upper_col_54,vertical_terminal_strip,vertical,2,5,B54;D54
C55,terminal_upper,C,55,,,2089.03,277.833,2155.029,646.538,38.802,terminal_upper_col_55,vertical_terminal_strip,vertical,2,5,B55;D55
C56,terminal_upper,C,56,,,2125.754,277.833,2189.245,646.88,41.728,terminal_upper_col_56,vertical_terminal_strip,vertical,2,5,B56;D56
C57,terminal_upper,C,57,,,2162.477,277.833,2223.373,647.22,34.58,terminal_upper_col_57,vertical_terminal_strip,vertical,2,5,B57;D57
C58,terminal_upper,C,58,,,2199.201,277.833,2257.415,647.56,36.457,terminal_upper_col_58,vertical_terminal_strip,vertical,2,5,B58;D58
C59,terminal_upper,C,59,,,2235.925,277.833,2291.369,647.899,34.395,terminal_upper_col_59,vertical_terminal_strip,vertical,2,5,B59;D59
C60,terminal_upper,C,60,,,2272.649,277.833,2325.236,648.237,34.889,terminal_upper_col_60,vertical_terminal_strip,vertical,2,5,B60;D60
C61,terminal_upper,C,61,,,2309.372,277.833,2359.017,648.574,27.642,terminal_upper_col_61,vertical_terminal_strip,vertical,2,5,B61;D61
C62,terminal_upper,C,62,,,2346.096,277.833,2392.712,648.91,20.444,terminal_upper_col_62,vertical_terminal_strip,vertical,2,5,B62;D62
D00,terminal_upper,D,0,,,69.225,316.128,127.691,664.64,43.037,terminal_upper_col_00,vertical_terminal_strip,vertical,3,5,C00;E00
D01,terminal_upper,D,1,,,105.948,316.128,167.284,664.982,56.827,terminal_upper_col_01,vertical_terminal_strip,vertical,3,5,C01;E01
D02,terminal_upper,D,2,,,142.672,316.128,206.769,665.324,56.16,terminal_upper_col_02,vertical_terminal_strip,vertical,3,5,C02;E02
D03,terminal_upper,D,3,,,179.396,316.128,246.144,665.664,59.346,terminal_upper_col_03,vertical_terminal_strip,vertical,3,5,C03;E03
D04,terminal_upper,D,4,,,216.119,316.128,285.411,666.004,73.346,terminal_upper_col_04,vertical_terminal_strip,vertical,3,5,C04;E04
D05,terminal_upper,D,5,,,252.843,316.128,324.571,666.342,60.58,terminal_upper_col_05,vertical_terminal_strip,vertical,3,5,C05;E05
D06,terminal_upper,D,6,,,289.567,316.128,363.623,666.68,82.864,terminal_upper_col_06,vertical_terminal_strip,vertical,3,5,C06;E06
D07,terminal_upper,D,7,,,326.291,316.128,402.568,667.016,76.148,terminal_upper_col_07,vertical_terminal_strip,vertical,3,5,C07;E07
D08,terminal_upper,D,8,,,363.014,316.128,441.407,667.352,98.593,terminal_upper_col_08,vertical_terminal_strip,vertical,3,5,C08;E08
D09,terminal_upper,D,9,,,399.738,316.128,480.14,667.687,122.654,terminal_upper_col_09,vertical_terminal_strip,vertical,3,5,C09;E09
D10,terminal_upper,D,10,,,436.462,316.128,518.767,668.021,108.741,terminal_upper_col_10,vertical_terminal_strip,vertical,3,5,C10;E10
D11,terminal_upper,D,11,,,473.186,316.128,557.289,668.354,108.469,terminal_upper_col_11,vertical_terminal_strip,vertical,3,5,C11;E11
D12,terminal_upper,D,12,,,509.909,316.128,595.707,668.686,91.765,terminal_upper_col_12,vertical_terminal_strip,vertical,3,5,C12;E12
D13,terminal_upper,D,13,,,546.633,316.128,634.02,669.017,147.642,terminal_upper_col_13,vertical_terminal_strip,vertical,3,5,C13;E13
D14,terminal_upper,D,14,,,583.357,316.128,672.229,669.347,131.506,terminal_upper_col_14,vertical_terminal_strip,vertical,3,5,C14;E14
D15,terminal_upper,D,15,,,620.081,316.128,710.335,669.677,155.63,terminal_upper_col_15,vertical_terminal_strip,vertical,3,5,C15;E15
D16,terminal_upper,D,16,,,656.804,316.128,748.337,670.005,151.79,terminal_upper_col_16,vertical_terminal_strip,vertical,3,5,C16;E16
D17,terminal_upper,D,17,,,693.528,316.128,786.238,670.333,152.58,terminal_upper_col_17,vertical_terminal_strip,vertical,3,5,C17;E17
D18,terminal_upper,D,18,,,730.252,316.128,824.035,670.66,172.926,terminal_upper_col_18,vertical_terminal_strip,vertical,3,5,C18;E18
D19,terminal_upper,D,19,,,766.975,316.128,861.732,670.985,176.84,terminal_upper_col_19,vertical_terminal_strip,vertical,3,5,C19;E19
D20,terminal_upper,D,20,,,803.699,316.128,899.326,671.31,174.815,terminal_upper_col_20,vertical_terminal_strip,vertical,3,5,C20;E20
D21,terminal_upper,D,21,,,840.423,316.128,936.82,671.634,166.062,terminal_upper_col_21,vertical_terminal_strip,vertical,3,5,C21;E21
D22,terminal_upper,D,22,,,877.147,316.128,974.213,671.958,171.605,terminal_upper_col_22,vertical_terminal_strip,vertical,3,5,C22;E22
D23,terminal_upper,D,23,,,913.87,316.128,1011.506,672.28,143.407,terminal_upper_col_23,vertical_terminal_strip,vertical,3,5,C23;E23
D24,terminal_upper,D,24,,,950.594,316.128,1048.7,672.602,164.494,terminal_upper_col_24,vertical_terminal_strip,vertical,3,5,C24;E24
D25,terminal_upper,D,25,,,987.318,316.128,1085.794,672.922,166.395,terminal_upper_col_25,vertical_terminal_strip,vertical,3,5,C25;E25
D26,terminal_upper,D,26,,,1024.042,316.128,1122.789,673.242,74.889,terminal_upper_col_26,vertical_terminal_strip,vertical,3,5,C26;E26
D27,terminal_upper,D,27,,,1060.765,316.128,1159.685,673.561,62.086,terminal_upper_col_27,vertical_terminal_strip,vertical,3,5,C27;E27
D28,terminal_upper,D,28,,,1097.489,316.128,1196.483,673.879,148.321,terminal_upper_col_28,vertical_terminal_strip,vertical,3,5,C28;E28
D29,terminal_upper,D,29,,,1134.213,316.128,1233.184,674.196,149.469,terminal_upper_col_29,vertical_terminal_strip,vertical,3,5,C29;E29
D30,terminal_upper,D,30,,,1170.937,316.128,1269.787,674.513,140.864,terminal_upper_col_30,vertical_terminal_strip,vertical,3,5,C30;E30
D31,terminal_upper,D,31,,,1207.66,316.128,1306.293,674.828,161.457,terminal_upper_col_31,vertical_terminal_strip,vertical,3,5,C31;E31
D32,terminal_upper,D,32,,,1244.384,316.128,1342.703,675.143,136.914,terminal_upper_col_32,vertical_terminal_strip,vertical,3,5,C32;E32
D33,terminal_upper,D,33,,,1281.108,316.128,1379.016,675.457,130.444,terminal_upper_col_33,vertical_terminal_strip,vertical,3,5,C33;E33
D34,terminal_upper,D,34,,,1317.831,316.128,1415.233,675.77,115.617,terminal_upper_col_34,vertical_terminal_strip,vertical,3,5,C34;E34
D35,terminal_upper,D,35,,,1354.555,316.128,1451.355,676.082,122.346,terminal_upper_col_35,vertical_terminal_strip,vertical,3,5,C35;E35
D36,terminal_upper,D,36,,,1391.279,316.128,1487.382,676.394,117.741,terminal_upper_col_36,vertical_terminal_strip,vertical,3,5,C36;E36
D37,terminal_upper,D,37,,,1428.003,316.128,1523.314,676.704,111.889,terminal_upper_col_37,vertical_terminal_strip,vertical,3,5,C37;E37
D38,terminal_upper,D,38,,,1464.726,316.128,1559.152,677.014,121.0,terminal_upper_col_38,vertical_terminal_strip,vertical,3,5,C38;E38
D39,terminal_upper,D,39,,,1501.45,316.128,1594.896,677.323,103.593,terminal_upper_col_39,vertical_terminal_strip,vertical,3,5,C39;E39
D40,terminal_upper,D,40,,,1538.174,316.128,1630.546,677.631,91.383,terminal_upper_col_40,vertical_terminal_strip,vertical,3,5,C40;E40
D41,terminal_upper,D,41,,,1574.898,316.128,1666.103,677.938,82.16,terminal_upper_col_41,vertical_terminal_strip,vertical,3,5,C41;E41
D42,terminal_upper,D,42,,,1611.621,316.128,1701.567,678.245,74.395,terminal_upper_col_42,vertical_terminal_strip,vertical,3,5,C42;E42
D43,terminal_upper,D,43,,,1648.345,316.128,1736.938,678.551,63.506,terminal_upper_col_43,vertical_terminal_strip,vertical,3,5,C43;E43
D44,terminal_upper,D,44,,,1685.069,316.128,1772.218,678.856,99.123,terminal_upper_col_44,vertical_terminal_strip,vertical,3,5,C44;E44
D45,terminal_upper,D,45,,,1721.793,316.128,1807.405,679.16,65.84,terminal_upper_col_45,vertical_terminal_strip,vertical,3,5,C45;E45
D46,terminal_upper,D,46,,,1758.516,316.128,1842.502,679.463,68.111,terminal_upper_col_46,vertical_terminal_strip,vertical,3,5,C46;E46
D47,terminal_upper,D,47,,,1795.24,316.128,1877.507,679.766,64.0,terminal_upper_col_47,vertical_terminal_strip,vertical,3,5,C47;E47
D48,terminal_upper,D,48,,,1831.964,316.128,1912.421,680.068,55.173,terminal_upper_col_48,vertical_terminal_strip,vertical,3,5,C48;E48
D49,terminal_upper,D,49,,,1868.687,316.128,1947.245,680.369,57.247,terminal_upper_col_49,vertical_terminal_strip,vertical,3,5,C49;E49
D50,terminal_upper,D,50,,,1905.411,316.128,1981.979,680.669,60.617,terminal_upper_col_50,vertical_terminal_strip,vertical,3,5,C50;E50
D51,terminal_upper,D,51,,,1942.135,316.128,2016.623,680.968,45.457,terminal_upper_col_51,vertical_terminal_strip,vertical,3,5,C51;E51
D52,terminal_upper,D,52,,,1978.859,316.128,2051.178,681.267,44.914,terminal_upper_col_52,vertical_terminal_strip,vertical,3,5,C52;E52
D53,terminal_upper,D,53,,,2015.582,316.128,2085.645,681.565,34.494,terminal_upper_col_53,vertical_terminal_strip,vertical,3,5,C53;E53
D54,terminal_upper,D,54,,,2052.306,316.128,2120.022,681.862,40.037,terminal_upper_col_54,vertical_terminal_strip,vertical,3,5,C54;E54
D55,terminal_upper,D,55,,,2089.03,316.128,2154.311,682.159,39.037,terminal_upper_col_55,vertical_terminal_strip,vertical,3,5,C55;E55
D56,terminal_upper,D,56,,,2125.754,316.128,2188.512,682.454,41.469,terminal_upper_col_56,vertical_terminal_strip,vertical,3,5,C56;E56
D57,terminal_upper,D,57,,,2162.477,316.128,2222.625,682.749,34.198,terminal_upper_col_57,vertical_terminal_strip,vertical,3,5,C57;E57
D58,terminal_upper,D,58,,,2199.201,316.128,2256.652,683.043,37.506,terminal_upper_col_58,vertical_terminal_strip,vertical,3,5,C58;E58
D59,terminal_upper,D,59,,,2235.925,316.128,2290.591,683.337,32.16,terminal_upper_col_59,vertical_terminal_strip,vertical,3,5,C59;E59
D60,terminal_upper,D,60,,,2272.649,316.128,2324.444,683.629,29.593,terminal_upper_col_60,vertical_terminal_strip,vertical,3,5,C60;E60
D61,terminal_upper,D,61,,,2309.372,316.128,2358.21,683.921,27.494,terminal_upper_col_61,vertical_terminal_strip,vertical,3,5,C61;E61
D62,terminal_upper,D,62,,,2346.096,316.128,2391.891,684.212,21.568,terminal_upper_col_62,vertical_terminal_strip,vertical,3,5,C62;E62
E00,terminal_upper,E,0,,,69.225,354.423,127.941,702.94,44.222,terminal_upper_col_00,vertical_terminal_strip,vertical,4,5,D00
E01,terminal_upper,E,1,,,105.948,354.423,167.514,703.229,54.358,terminal_upper_col_01,vertical_terminal_strip,vertical,4,5,D01
E02,terminal_upper,E,2,,,142.672,354.423,206.978,703.517,57.877,terminal_upper_col_02,vertical_terminal_strip,vertical,4,5,D02
E03,terminal_upper,E,3,,,179.396,354.423,246.334,703.805,40.123,terminal_upper_col_03,vertical_terminal_strip,vertical,4,5,D03
E04,terminal_upper,E,4,,,216.119,354.423,285.581,704.092,72.173,terminal_upper_col_04,vertical_terminal_strip,vertical,4,5,D04
E05,terminal_upper,E,5,,,252.843,354.423,324.721,704.378,65.16,terminal_upper_col_05,vertical_terminal_strip,vertical,4,5,D05
E06,terminal_upper,E,6,,,289.567,354.423,363.753,704.663,71.037,terminal_upper_col_06,vertical_terminal_strip,vertical,4,5,D06
E07,terminal_upper,E,7,,,326.291,354.423,402.679,704.948,78.951,terminal_upper_col_07,vertical_terminal_strip,vertical,4,5,D07
E08,terminal_upper,E,8,,,363.014,354.423,441.498,705.231,95.395,terminal_upper_col_08,vertical_terminal_strip,vertical,4,5,D08
E09,terminal_upper,E,9,,,399.738,354.423,480.211,705.514,113.556,terminal_upper_col_09,vertical_terminal_strip,vertical,4,5,D09
E10,terminal_upper,E,10,,,436.462,354.423,518.819,705.797,125.136,terminal_upper_col_10,vertical_terminal_strip,vertical,4,5,D10
E11,terminal_upper,E,11,,,473.186,354.423,557.322,706.078,112.691,terminal_upper_col_11,vertical_terminal_strip,vertical,4,5,D11
E12,terminal_upper,E,12,,,509.909,354.423,595.721,706.359,91.0,terminal_upper_col_12,vertical_terminal_strip,vertical,4,5,D12
E13,terminal_upper,E,13,,,546.633,354.423,634.015,706.639,148.63,terminal_upper_col_13,vertical_terminal_strip,vertical,4,5,D13
E14,terminal_upper,E,14,,,583.357,354.423,672.205,706.918,122.531,terminal_upper_col_14,vertical_terminal_strip,vertical,4,5,D14
E15,terminal_upper,E,15,,,620.081,354.423,710.292,707.196,145.16,terminal_upper_col_15,vertical_terminal_strip,vertical,4,5,D15
E16,terminal_upper,E,16,,,656.804,354.423,748.276,707.474,162.741,terminal_upper_col_16,vertical_terminal_strip,vertical,4,5,D16
E17,terminal_upper,E,17,,,693.528,354.423,786.158,707.751,148.654,terminal_upper_col_17,vertical_terminal_strip,vertical,4,5,D17
E18,terminal_upper,E,18,,,730.252,354.423,823.937,708.027,170.333,terminal_upper_col_18,vertical_terminal_strip,vertical,4,5,D18
E19,terminal_upper,E,19,,,766.975,354.423,861.615,708.302,167.802,terminal_upper_col_19,vertical_terminal_strip,vertical,4,5,D19
E20,terminal_upper,E,20,,,803.699,354.423,899.191,708.577,171.074,terminal_upper_col_20,vertical_terminal_strip,vertical,4,5,D20
E21,terminal_upper,E,21,,,840.423,354.423,936.667,708.851,157.222,terminal_upper_col_21,vertical_terminal_strip,vertical,4,5,D21
E22,terminal_upper,E,22,,,877.147,354.423,974.042,709.124,171.012,terminal_upper_col_22,vertical_terminal_strip,vertical,4,5,D22
E23,terminal_upper,E,23,,,913.87,354.423,1011.317,709.396,146.827,terminal_upper_col_23,vertical_terminal_strip,vertical,4,5,D23
E24,terminal_upper,E,24,,,950.594,354.423,1048.492,709.668,144.889,terminal_upper_col_24,vertical_terminal_strip,vertical,4,5,D24
E25,terminal_upper,E,25,,,987.318,354.423,1085.568,709.939,145.593,terminal_upper_col_25,vertical_terminal_strip,vertical,4,5,D25
E26,terminal_upper,E,26,,,1024.042,354.423,1122.546,710.21,123.086,terminal_upper_col_26,vertical_terminal_strip,vertical,4,5,D26
E27,terminal_upper,E,27,,,1060.765,354.423,1159.425,710.479,113.025,terminal_upper_col_27,vertical_terminal_strip,vertical,4,5,D27
E28,terminal_upper,E,28,,,1097.489,354.423,1196.205,710.748,140.556,terminal_upper_col_28,vertical_terminal_strip,vertical,4,5,D28
E29,terminal_upper,E,29,,,1134.213,354.423,1232.888,711.016,144.049,terminal_upper_col_29,vertical_terminal_strip,vertical,4,5,D29
E30,terminal_upper,E,30,,,1170.937,354.423,1269.474,711.284,141.519,terminal_upper_col_30,vertical_terminal_strip,vertical,4,5,D30
E31,terminal_upper,E,31,,,1207.66,354.423,1305.963,711.55,145.951,terminal_upper_col_31,vertical_terminal_strip,vertical,4,5,D31
E32,terminal_upper,E,32,,,1244.384,354.423,1342.355,711.816,118.173,terminal_upper_col_32,vertical_terminal_strip,vertical,4,5,D32
E33,terminal_upper,E,33,,,1281.108,354.423,1378.652,712.082,131.296,terminal_upper_col_33,vertical_terminal_strip,vertical,4,5,D33
E34,terminal_upper,E,34,,,1317.831,354.423,1414.852,712.346,114.506,terminal_upper_col_34,vertical_terminal_strip,vertical,4,5,D34
E35,terminal_upper,E,35,,,1354.555,354.423,1450.957,712.61,126.642,terminal_upper_col_35,vertical_terminal_strip,vertical,4,5,D35
E36,terminal_upper,E,36,,,1391.279,354.423,1486.967,712.873,110.407,terminal_upper_col_36,vertical_terminal_strip,vertical,4,5,D36
E37,terminal_upper,E,37,,,1428.003,354.423,1522.883,713.136,95.432,terminal_upper_col_37,vertical_terminal_strip,vertical,4,5,D37
E38,terminal_upper,E,38,,,1464.726,354.423,1558.704,713.398,107.432,terminal_upper_col_38,vertical_terminal_strip,vertical,4,5,D38
E39,terminal_upper,E,39,,,1501.45,354.423,1594.431,713.659,102.309,terminal_upper_col_39,vertical_terminal_strip,vertical,4,5,D39
E40,terminal_upper,E,40,,,1538.174,354.423,1630.065,713.919,82.136,terminal_upper_col_40,vertical_terminal_strip,vertical,4,5,D40
E41,terminal_upper,E,41,,,1574.898,354.423,1665.605,714.179,82.568,terminal_upper_col_41,vertical_terminal_strip,vertical,4,5,D41
E42,terminal_upper,E,42,,,1611.621,354.423,1701.053,714.438,64.605,terminal_upper_col_42,vertical_terminal_strip,vertical,4,5,D42
E43,terminal_upper,E,43,,,1648.345,354.423,1736.409,714.697,72.37,terminal_upper_col_43,vertical_terminal_strip,vertical,4,5,D43
E44,terminal_upper,E,44,,,1685.069,354.423,1771.672,714.954,85.642,terminal_upper_col_44,vertical_terminal_strip,vertical,4,5,D44
E45,terminal_upper,E,45,,,1721.793,354.423,1806.844,715.211,59.654,terminal_upper_col_45,vertical_terminal_strip,vertical,4,5,D45
E46,terminal_upper,E,46,,,1758.516,354.423,1841.924,715.468,58.802,terminal_upper_col_46,vertical_terminal_strip,vertical,4,5,D46
E47,terminal_upper,E,47,,,1795.24,354.423,1876.913,715.724,58.543,terminal_upper_col_47,vertical_terminal_strip,vertical,4,5,D47
E48,terminal_upper,E,48,,,1831.964,354.423,1911.812,715.979,61.753,terminal_upper_col_48,vertical_terminal_strip,vertical,4,5,D48
E49,terminal_upper,E,49,,,1868.687,354.423,1946.62,716.233,63.889,terminal_upper_col_49,vertical_terminal_strip,vertical,4,5,D49
E50,terminal_upper,E,50,,,1905.411,354.423,1981.339,716.487,54.025,terminal_upper_col_50,vertical_terminal_strip,vertical,4,5,D50
E51,terminal_upper,E,51,,,1942.135,354.423,2015.967,716.74,36.667,terminal_upper_col_51,vertical_terminal_strip,vertical,4,5,D51
E52,terminal_upper,E,52,,,1978.859,354.423,2050.507,716.992,86.025,terminal_upper_col_52,vertical_terminal_strip,vertical,4,5,D52
E53,terminal_upper,E,53,,,2015.582,354.423,2084.958,717.244,38.519,terminal_upper_col_53,vertical_terminal_strip,vertical,4,5,D53
E54,terminal_upper,E,54,,,2052.306,354.423,2119.32,717.495,39.469,terminal_upper_col_54,vertical_terminal_strip,vertical,4,5,D54
E55,terminal_upper,E,55,,,2089.03,354.423,2153.594,717.746,44.136,terminal_upper_col_55,vertical_terminal_strip,vertical,4,5,D55
E56,terminal_upper,E,56,,,2125.754,354.423,2187.78,717.996,37.963,terminal_upper_col_56,vertical_terminal_strip,vertical,4,5,D56
E57,terminal_upper,E,57,,,2162.477,354.423,2221.878,718.245,36.185,terminal_upper_col_57,vertical_terminal_strip,vertical,4,5,D57
E58,terminal_upper,E,58,,,2199.201,354.423,2255.89,718.494,33.827,terminal_upper_col_58,vertical_terminal_strip,vertical,4,5,D58
E59,terminal_upper,E,59,,,2235.925,354.423,2289.814,718.742,31.951,terminal_upper_col_59,vertical_terminal_strip,vertical,4,5,D59
E60,terminal_upper,E,60,,,2272.649,354.423,2323.652,718.989,29.988,terminal_upper_col_60,vertical_terminal_strip,vertical,4,5,D60
E61,terminal_upper,E,61,,,2309.372,354.423,2357.404,719.236,30.593,terminal_upper_col_61,vertical_terminal_strip,vertical,4,5,D61
E62,terminal_upper,E,62,,,2346.096,354.423,2391.07,719.482,16.568,terminal_upper_col_62,vertical_terminal_strip,vertical,4,5,D62
F00,terminal_lower,F,0,,,69.225,467.389,128.677,815.694,35.926,terminal_lower_col_00,vertical_terminal_strip,vertical,0,5,G00
F01,terminal_lower,F,1,,,105.948,467.389,168.191,815.827,46.556,terminal_lower_col_01,vertical_terminal_strip,vertical,0,5,G01
F02,terminal_lower,F,2,,,142.672,467.389,207.595,815.96,58.012,terminal_lower_col_02,vertical_terminal_strip,vertical,0,5,G02
F03,terminal_lower,F,3,,,179.396,467.389,246.892,816.093,52.198,terminal_lower_col_03,vertical_terminal_strip,vertical,0,5,G03
F04,terminal_lower,F,4,,,216.119,467.389,286.08,816.226,69.864,terminal_lower_col_04,vertical_terminal_strip,vertical,0,5,G04
F05,terminal_lower,F,5,,,252.843,467.389,325.162,816.358,75.988,terminal_lower_col_05,vertical_terminal_strip,vertical,0,5,G05
F06,terminal_lower,F,6,,,289.567,467.389,364.136,816.489,94.346,terminal_lower_col_06,vertical_terminal_strip,vertical,0,5,G06
F07,terminal_lower,F,7,,,326.291,467.389,403.004,816.621,89.309,terminal_lower_col_07,vertical_terminal_strip,vertical,0,5,G07
F08,terminal_lower,F,8,,,363.014,467.389,441.766,816.752,96.062,terminal_lower_col_08,vertical_terminal_strip,vertical,0,5,G08
F09,terminal_lower,F,9,,,399.738,467.389,480.422,816.882,111.765,terminal_lower_col_09,vertical_terminal_strip,vertical,0,5,G09
F10,terminal_lower,F,10,,,436.462,467.389,518.973,817.013,102.012,terminal_lower_col_10,vertical_terminal_strip,vertical,0,5,G10
F11,terminal_lower,F,11,,,473.186,467.389,557.419,817.143,128.469,terminal_lower_col_11,vertical_terminal_strip,vertical,0,5,G11
F12,terminal_lower,F,12,,,509.909,467.389,595.761,817.272,124.963,terminal_lower_col_12,vertical_terminal_strip,vertical,0,5,G12
F13,terminal_lower,F,13,,,546.633,467.389,634.0,817.401,131.556,terminal_lower_col_13,vertical_terminal_strip,vertical,0,5,G13
F14,terminal_lower,F,14,,,583.357,467.389,672.134,817.53,138.938,terminal_lower_col_14,vertical_terminal_strip,vertical,0,5,G14
F15,terminal_lower,F,15,,,620.081,467.389,710.166,817.659,149.938,terminal_lower_col_15,vertical_terminal_strip,vertical,0,5,G15
F16,terminal_lower,F,16,,,656.804,467.389,748.095,817.787,148.84,terminal_lower_col_16,vertical_terminal_strip,vertical,0,5,G16
F17,terminal_lower,F,17,,,693.528,467.389,785.922,817.915,155.235,terminal_lower_col_17,vertical_terminal_strip,vertical,0,5,G17
F18,terminal_lower,F,18,,,730.252,467.389,823.647,818.042,158.037,terminal_lower_col_18,vertical_terminal_strip,vertical,0,5,G18
F19,terminal_lower,F,19,,,766.975,467.389,861.27,818.17,153.049,terminal_lower_col_19,vertical_terminal_strip,vertical,0,5,G19
F20,terminal_lower,F,20,,,803.699,467.389,898.793,818.296,142.741,terminal_lower_col_20,vertical_terminal_strip,vertical,0,5,G20
F21,terminal_lower,F,21,,,840.423,467.389,936.215,818.423,130.741,terminal_lower_col_21,vertical_terminal_strip,vertical,0,5,G21
F22,terminal_lower,F,22,,,877.147,467.389,973.537,818.549,134.827,terminal_lower_col_22,vertical_terminal_strip,vertical,0,5,G22
F23,terminal_lower,F,23,,,913.87,467.389,1010.759,818.675,132.062,terminal_lower_col_23,vertical_terminal_strip,vertical,0,5,G23
F24,terminal_lower,F,24,,,950.594,467.389,1047.882,818.8,93.593,terminal_lower_col_24,vertical_terminal_strip,vertical,0,5,G24
F25,terminal_lower,F,25,,,987.318,467.389,1084.906,818.925,95.864,terminal_lower_col_25,vertical_terminal_strip,vertical,0,5,G25
F26,terminal_lower,F,26,,,1024.042,467.389,1121.831,819.05,101.926,terminal_lower_col_26,vertical_terminal_strip,vertical,0,5,G26
F27,terminal_lower,F,27,,,1060.765,467.389,1158.658,819.175,108.457,terminal_lower_col_27,vertical_terminal_strip,vertical,0,5,G27
F28,terminal_lower,F,28,,,1097.489,467.389,1195.387,819.299,125.852,terminal_lower_col_28,vertical_terminal_strip,vertical,0,5,G28
F29,terminal_lower,F,29,,,1134.213,467.389,1232.019,819.423,133.556,terminal_lower_col_29,vertical_terminal_strip,vertical,0,5,G29
F30,terminal_lower,F,30,,,1170.937,467.389,1268.553,819.546,138.654,terminal_lower_col_30,vertical_terminal_strip,vertical,0,5,G30
F31,terminal_lower,F,31,,,1207.66,467.389,1304.992,819.669,136.704,terminal_lower_col_31,vertical_terminal_strip,vertical,0,5,G31
F32,terminal_lower,F,32,,,1244.384,467.389,1341.333,819.792,140.099,terminal_lower_col_32,vertical_terminal_strip,vertical,0,5,G32
F33,terminal_lower,F,33,,,1281.108,467.389,1377.58,819.915,125.395,terminal_lower_col_33,vertical_terminal_strip,vertical,0,5,G33
F34,terminal_lower,F,34,,,1317.831,467.389,1413.73,820.037,140.383,terminal_lower_col_34,vertical_terminal_strip,vertical,0,5,G34
F35,terminal_lower,F,35,,,1354.555,467.389,1449.785,820.159,122.123,terminal_lower_col_35,vertical_terminal_strip,vertical,0,5,G35
F36,terminal_lower,F,36,,,1391.279,467.389,1485.746,820.28,127.284,terminal_lower_col_36,vertical_terminal_strip,vertical,0,5,G36
F37,terminal_lower,F,37,,,1428.003,467.389,1521.612,820.401,112.654,terminal_lower_col_37,vertical_terminal_strip,vertical,0,5,G37
F38,terminal_lower,F,38,,,1464.726,467.389,1557.385,820.522,98.012,terminal_lower_col_38,vertical_terminal_strip,vertical,0,5,G38
F39,terminal_lower,F,39,,,1501.45,467.389,1593.063,820.643,128.284,terminal_lower_col_39,vertical_terminal_strip,vertical,0,5,G39
F40,terminal_lower,F,40,,,1538.174,467.389,1628.649,820.763,4.926,terminal_lower_col_40,vertical_terminal_strip,vertical,0,5,G40
F41,terminal_lower,F,41,,,1574.898,467.389,1664.141,820.883,82.222,terminal_lower_col_41,vertical_terminal_strip,vertical,0,5,G41
F42,terminal_lower,F,42,,,1611.621,467.389,1699.541,821.003,88.0,terminal_lower_col_42,vertical_terminal_strip,vertical,0,5,G42
F43,terminal_lower,F,43,,,1648.345,467.389,1734.849,821.122,93.284,terminal_lower_col_43,vertical_terminal_strip,vertical,0,5,G43
F44,terminal_lower,F,44,,,1685.069,467.389,1770.065,821.241,79.185,terminal_lower_col_44,vertical_terminal_strip,vertical,0,5,G44
F45,terminal_lower,F,45,,,1721.793,467.389,1805.19,821.36,78.63,terminal_lower_col_45,vertical_terminal_strip,vertical,0,5,G45
F46,terminal_lower,F,46,,,1758.516,467.389,1840.223,821.478,71.185,terminal_lower_col_46,vertical_terminal_strip,vertical,0,5,G46
F47,terminal_lower,F,47,,,1795.24,467.389,1875.166,821.596,71.123,terminal_lower_col_47,vertical_terminal_strip,vertical,0,5,G47
F48,terminal_lower,F,48,,,1831.964,467.389,1910.018,821.714,55.79,terminal_lower_col_48,vertical_terminal_strip,vertical,0,5,G48
F49,terminal_lower,F,49,,,1868.687,467.389,1944.78,821.832,36.198,terminal_lower_col_49,vertical_terminal_strip,vertical,0,5,G49
F50,terminal_lower,F,50,,,1905.411,467.389,1979.453,821.949,85.407,terminal_lower_col_50,vertical_terminal_strip,vertical,0,5,G50
F51,terminal_lower,F,51,,,1942.135,467.389,2014.036,822.066,44.284,terminal_lower_col_51,vertical_terminal_strip,vertical,0,5,G51
F52,terminal_lower,F,52,,,1978.859,467.389,2048.531,822.182,49.531,terminal_lower_col_52,vertical_terminal_strip,vertical,0,5,G52
F53,terminal_lower,F,53,,,2015.582,467.389,2082.936,822.299,45.0,terminal_lower_col_53,vertical_terminal_strip,vertical,0,5,G53
F54,terminal_lower,F,54,,,2052.306,467.389,2117.253,822.415,39.864,terminal_lower_col_54,vertical_terminal_strip,vertical,0,5,G54
F55,terminal_lower,F,55,,,2089.03,467.389,2151.482,822.53,36.877,terminal_lower_col_55,vertical_terminal_strip,vertical,0,5,G55
F56,terminal_lower,F,56,,,2125.754,467.389,2185.624,822.646,36.79,terminal_lower_col_56,vertical_terminal_strip,vertical,0,5,G56
F57,terminal_lower,F,57,,,2162.477,467.389,2219.678,822.761,32.617,terminal_lower_col_57,vertical_terminal_strip,vertical,0,5,G57
F58,terminal_lower,F,58,,,2199.201,467.389,2253.646,822.876,29.099,terminal_lower_col_58,vertical_terminal_strip,vertical,0,5,G58
F59,terminal_lower,F,59,,,2235.925,467.389,2287.527,822.99,28.728,terminal_lower_col_59,vertical_terminal_strip,vertical,0,5,G59
F60,terminal_lower,F,60,,,2272.649,467.389,2321.321,823.104,28.741,terminal_lower_col_60,vertical_terminal_strip,vertical,0,5,G60
F61,terminal_lower,F,61,,,2309.372,467.389,2355.03,823.218,23.988,terminal_lower_col_61,vertical_terminal_strip,vertical,0,5,G61
F62,terminal_lower,F,62,,,2346.096,467.389,2388.652,823.332,19.395,terminal_lower_col_62,vertical_terminal_strip,vertical,0,5,G62
G00,terminal_lower,G,0,,,69.225,505.554,128.925,853.712,40.333,terminal_lower_col_00,vertical_terminal_strip,vertical,1,5,F00;H00
G01,terminal_lower,G,1,,,105.948,505.554,168.419,853.793,49.815,terminal_lower_col_01,vertical_terminal_strip,vertical,1,5,F01;H01
G02,terminal_lower,G,2,,,142.672,505.554,207.803,853.874,62.012,terminal_lower_col_02,vertical_terminal_strip,vertical,1,5,F02;H02
G03,terminal_lower,G,3,,,179.396,505.554,247.08,853.955,56.37,terminal_lower_col_03,vertical_terminal_strip,vertical,1,5,F03;H03
G04,terminal_lower,G,4,,,216.119,505.554,286.249,854.035,66.617,terminal_lower_col_04,vertical_terminal_strip,vertical,1,5,F04;H04
G05,terminal_lower,G,5,,,252.843,505.554,325.31,854.115,72.395,terminal_lower_col_05,vertical_terminal_strip,vertical,1,5,F05;H05
G06,terminal_lower,G,6,,,289.567,505.554,364.265,854.196,87.988,terminal_lower_col_06,vertical_terminal_strip,vertical,1,5,F06;H06
G07,terminal_lower,G,7,,,326.291,505.554,403.113,854.275,85.123,terminal_lower_col_07,vertical_terminal_strip,vertical,1,5,F07;H07
G08,terminal_lower,G,8,,,363.014,505.554,441.856,854.355,91.247,terminal_lower_col_08,vertical_terminal_strip,vertical,1,5,F08;H08
G09,terminal_lower,G,9,,,399.738,505.554,480.493,854.434,101.136,terminal_lower_col_09,vertical_terminal_strip,vertical,1,5,F09;H09
G10,terminal_lower,G,10,,,436.462,505.554,519.025,854.514,102.321,terminal_lower_col_10,vertical_terminal_strip,vertical,1,5,F10;H10
G11,terminal_lower,G,11,,,473.186,505.554,557.452,854.593,120.16,terminal_lower_col_11,vertical_terminal_strip,vertical,1,5,F11;H11
G12,terminal_lower,G,12,,,509.909,505.554,595.775,854.671,122.309,terminal_lower_col_12,vertical_terminal_strip,vertical,1,5,F12;H12
G13,terminal_lower,G,13,,,546.633,505.554,633.995,854.75,125.111,terminal_lower_col_13,vertical_terminal_strip,vertical,1,5,F13;H13
G14,terminal_lower,G,14,,,583.357,505.554,672.111,854.828,134.16,terminal_lower_col_14,vertical_terminal_strip,vertical,1,5,F14;H14
G15,terminal_lower,G,15,,,620.081,505.554,710.123,854.906,148.531,terminal_lower_col_15,vertical_terminal_strip,vertical,1,5,F15;H15
G16,terminal_lower,G,16,,,656.804,505.554,748.034,854.984,150.383,terminal_lower_col_16,vertical_terminal_strip,vertical,1,5,F16;H16
G17,terminal_lower,G,17,,,693.528,505.554,785.842,855.062,151.864,terminal_lower_col_17,vertical_terminal_strip,vertical,1,5,F17;H17
G18,terminal_lower,G,18,,,730.252,505.554,823.549,855.139,152.111,terminal_lower_col_18,vertical_terminal_strip,vertical,1,5,F18;H18
G19,terminal_lower,G,19,,,766.975,505.554,861.154,855.217,152.753,terminal_lower_col_19,vertical_terminal_strip,vertical,1,5,F19;H19
G20,terminal_lower,G,20,,,803.699,505.554,898.659,855.294,141.012,terminal_lower_col_20,vertical_terminal_strip,vertical,1,5,F20;H20
G21,terminal_lower,G,21,,,840.423,505.554,936.063,855.37,153.37,terminal_lower_col_21,vertical_terminal_strip,vertical,1,5,F21;H21
G22,terminal_lower,G,22,,,877.147,505.554,973.367,855.447,134.901,terminal_lower_col_22,vertical_terminal_strip,vertical,1,5,F22;H22
G23,terminal_lower,G,23,,,913.87,505.554,1010.571,855.524,123.63,terminal_lower_col_23,vertical_terminal_strip,vertical,1,5,F23;H23
G24,terminal_lower,G,24,,,950.594,505.554,1047.676,855.6,101.84,terminal_lower_col_24,vertical_terminal_strip,vertical,1,5,F24;H24
G25,terminal_lower,G,25,,,987.318,505.554,1084.682,855.676,103.469,terminal_lower_col_25,vertical_terminal_strip,vertical,1,5,F25;H25
G26,terminal_lower,G,26,,,1024.042,505.554,1121.59,855.752,106.185,terminal_lower_col_26,vertical_terminal_strip,vertical,1,5,F26;H26
G27,terminal_lower,G,27,,,1060.765,505.554,1158.399,855.827,105.728,terminal_lower_col_27,vertical_terminal_strip,vertical,1,5,F27;H27
G28,terminal_lower,G,28,,,1097.489,505.554,1195.111,855.903,119.568,terminal_lower_col_28,vertical_terminal_strip,vertical,1,5,F28;H28
G29,terminal_lower,G,29,,,1134.213,505.554,1231.725,855.978,127.605,terminal_lower_col_29,vertical_terminal_strip,vertical,1,5,F29;H29
G30,terminal_lower,G,30,,,1170.937,505.554,1268.243,856.053,133.173,terminal_lower_col_30,vertical_terminal_strip,vertical,1,5,F30;H30
G31,terminal_lower,G,31,,,1207.66,505.554,1304.664,856.128,135.321,terminal_lower_col_31,vertical_terminal_strip,vertical,1,5,F31;H31
G32,terminal_lower,G,32,,,1244.384,505.554,1340.989,856.203,142.259,terminal_lower_col_32,vertical_terminal_strip,vertical,1,5,F32;H32
G33,terminal_lower,G,33,,,1281.108,505.554,1377.218,856.277,127.42,terminal_lower_col_33,vertical_terminal_strip,vertical,1,5,F33;H33
G34,terminal_lower,G,34,,,1317.831,505.554,1413.352,856.351,137.753,terminal_lower_col_34,vertical_terminal_strip,vertical,1,5,F34;H34
G35,terminal_lower,G,35,,,1354.555,505.554,1449.39,856.425,137.309,terminal_lower_col_35,vertical_terminal_strip,vertical,1,5,F35;H35
G36,terminal_lower,G,36,,,1391.279,505.554,1485.334,856.499,131.877,terminal_lower_col_36,vertical_terminal_strip,vertical,1,5,F36;H36
G37,terminal_lower,G,37,,,1428.003,505.554,1521.184,856.573,112.346,terminal_lower_col_37,vertical_terminal_strip,vertical,1,5,F37;H37
G38,terminal_lower,G,38,,,1464.726,505.554,1556.94,856.646,107.79,terminal_lower_col_38,vertical_terminal_strip,vertical,1,5,F38;H38
G39,terminal_lower,G,39,,,1501.45,505.554,1592.602,856.72,18.654,terminal_lower_col_39,vertical_terminal_strip,vertical,1,5,F39;H39
G40,terminal_lower,G,40,,,1538.174,505.554,1628.171,856.793,99.691,terminal_lower_col_40,vertical_terminal_strip,vertical,1,5,F40;H40
G41,terminal_lower,G,41,,,1574.898,505.554,1663.648,856.866,104.951,terminal_lower_col_41,vertical_terminal_strip,vertical,1,5,F41;H41
G42,terminal_lower,G,42,,,1611.621,505.554,1699.031,856.938,89.531,terminal_lower_col_42,vertical_terminal_strip,vertical,1,5,F42;H42
G43,terminal_lower,G,43,,,1648.345,505.554,1734.323,857.011,91.877,terminal_lower_col_43,vertical_terminal_strip,vertical,1,5,F43;H43
G44,terminal_lower,G,44,,,1685.069,505.554,1769.523,857.083,78.556,terminal_lower_col_44,vertical_terminal_strip,vertical,1,5,F44;H44
G45,terminal_lower,G,45,,,1721.793,505.554,1804.632,857.155,83.0,terminal_lower_col_45,vertical_terminal_strip,vertical,1,5,F45;H45
G46,terminal_lower,G,46,,,1758.516,505.554,1839.65,857.227,72.321,terminal_lower_col_46,vertical_terminal_strip,vertical,1,5,F46;H46
G47,terminal_lower,G,47,,,1795.24,505.554,1874.577,857.299,67.815,terminal_lower_col_47,vertical_terminal_strip,vertical,1,5,F47;H47
G48,terminal_lower,G,48,,,1831.964,505.554,1909.413,857.371,71.914,terminal_lower_col_48,vertical_terminal_strip,vertical,1,5,F48;H48
G49,terminal_lower,G,49,,,1868.687,505.554,1944.16,857.442,86.321,terminal_lower_col_49,vertical_terminal_strip,vertical,1,5,F49;H49
G50,terminal_lower,G,50,,,1905.411,505.554,1978.817,857.513,46.852,terminal_lower_col_50,vertical_terminal_strip,vertical,1,5,F50;H50
G51,terminal_lower,G,51,,,1942.135,505.554,2013.385,857.584,48.852,terminal_lower_col_51,vertical_terminal_strip,vertical,1,5,F51;H51
G52,terminal_lower,G,52,,,1978.859,505.554,2047.864,857.655,50.63,terminal_lower_col_52,vertical_terminal_strip,vertical,1,5,F52;H52
G53,terminal_lower,G,53,,,2015.582,505.554,2082.254,857.726,52.407,terminal_lower_col_53,vertical_terminal_strip,vertical,1,5,F53;H53
G54,terminal_lower,G,54,,,2052.306,505.554,2116.556,857.796,44.691,terminal_lower_col_54,vertical_terminal_strip,vertical,1,5,F54;H54
G55,terminal_lower,G,55,,,2089.03,505.554,2150.771,857.867,38.568,terminal_lower_col_55,vertical_terminal_strip,vertical,1,5,F55;H55
G56,terminal_lower,G,56,,,2125.754,505.554,2184.897,857.937,38.506,terminal_lower_col_56,vertical_terminal_strip,vertical,1,5,F56;H56
G57,terminal_lower,G,57,,,2162.477,505.554,2218.937,858.007,35.025,terminal_lower_col_57,vertical_terminal_strip,vertical,1,5,F57;H57
G58,terminal_lower,G,58,,,2199.201,505.554,2252.889,858.076,30.827,terminal_lower_col_58,vertical_terminal_strip,vertical,1,5,F58;H58
G59,terminal_lower,G,59,,,2235.925,505.554,2286.755,858.146,29.136,terminal_lower_col_59,vertical_terminal_strip,vertical,1,5,F59;H59
G60,terminal_lower,G,60,,,2272.649,505.554,2320.535,858.215,28.519,terminal_lower_col_60,vertical_terminal_strip,vertical,1,5,F60;H60
G61,terminal_lower,G,61,,,2309.372,505.554,2354.229,858.285,24.63,terminal_lower_col_61,vertical_terminal_strip,vertical,1,5,F61;H61
G62,terminal_lower,G,62,,,2346.096,505.554,2387.837,858.354,17.074,terminal_lower_col_62,vertical_terminal_strip,vertical,1,5,F62;H62
H00,terminal_lower,H,0,,,69.225,543.72,129.173,891.692,40.148,terminal_lower_col_00,vertical_terminal_strip,vertical,2,5,G00;I00
H01,terminal_lower,H,1,,,105.948,543.72,168.646,891.721,47.309,terminal_lower_col_01,vertical_terminal_strip,vertical,2,5,G01;I01
H02,terminal_lower,H,2,,,142.672,543.72,208.011,891.75,50.111,terminal_lower_col_02,vertical_terminal_strip,vertical,2,5,G02;I02
H03,terminal_lower,H,3,,,179.396,543.72,247.268,891.779,60.926,terminal_lower_col_03,vertical_terminal_strip,vertical,2,5,G03;I03
H04,terminal_lower,H,4,,,216.119,543.72,286.417,891.807,70.901,terminal_lower_col_04,vertical_terminal_strip,vertical,2,5,G04;I04
H05,terminal_lower,H,5,,,252.843,543.72,325.459,891.836,72.914,terminal_lower_col_05,vertical_terminal_strip,vertical,2,5,G05;I05
H06,terminal_lower,H,6,,,289.567,543.72,364.394,891.864,88.543,terminal_lower_col_06,vertical_terminal_strip,vertical,2,5,G06;I06
H07,terminal_lower,H,7,,,326.291,543.72,403.223,891.893,94.778,terminal_lower_col_07,vertical_terminal_strip,vertical,2,5,G07;I07
H08,terminal_lower,H,8,,,363.014,543.72,441.946,891.921,95.309,terminal_lower_col_08,vertical_terminal_strip,vertical,2,5,G08;I08
H09,terminal_lower,H,9,,,399.738,543.72,480.564,891.949,99.062,terminal_lower_col_09,vertical_terminal_strip,vertical,2,5,G09;I09
H10,terminal_lower,H,10,,,436.462,543.72,519.077,891.977,103.741,terminal_lower_col_10,vertical_terminal_strip,vertical,2,5,G10;I10
H11,terminal_lower,H,11,,,473.186,543.72,557.485,892.005,117.309,terminal_lower_col_11,vertical_terminal_strip,vertical,2,5,G11;I11
H12,terminal_lower,H,12,,,509.909,543.72,595.789,892.033,125.815,terminal_lower_col_12,vertical_terminal_strip,vertical,2,5,G12;I12
H13,terminal_lower,H,13,,,546.633,543.72,633.99,892.061,123.086,terminal_lower_col_13,vertical_terminal_strip,vertical,2,5,G13;I13
H14,terminal_lower,H,14,,,583.357,543.72,672.087,892.089,131.025,terminal_lower_col_14,vertical_terminal_strip,vertical,2,5,G14;I14
H15,terminal_lower,H,15,,,620.081,543.72,710.081,892.117,141.235,terminal_lower_col_15,vertical_terminal_strip,vertical,2,5,G15;I15
H16,terminal_lower,H,16,,,656.804,543.72,747.973,892.145,135.185,terminal_lower_col_16,vertical_terminal_strip,vertical,2,5,G16;I16
H17,terminal_lower,H,17,,,693.528,543.72,785.763,892.172,140.198,terminal_lower_col_17,vertical_terminal_strip,vertical,2,5,G17;I17
H18,terminal_lower,H,18,,,730.252,543.72,823.451,892.2,152.79,terminal_lower_col_18,vertical_terminal_strip,vertical,2,5,G18;I18
H19,terminal_lower,H,19,,,766.975,543.72,861.038,892.227,160.111,terminal_lower_col_19,vertical_terminal_strip,vertical,2,5,G19;I19
H20,terminal_lower,H,20,,,803.699,543.72,898.525,892.255,146.654,terminal_lower_col_20,vertical_terminal_strip,vertical,2,5,G20;I20
H21,terminal_lower,H,21,,,840.423,543.72,935.911,892.282,153.37,terminal_lower_col_21,vertical_terminal_strip,vertical,2,5,G21;I21
H22,terminal_lower,H,22,,,877.147,543.72,973.197,892.309,134.728,terminal_lower_col_22,vertical_terminal_strip,vertical,2,5,G22;I22
H23,terminal_lower,H,23,,,913.87,543.72,1010.383,892.336,125.556,terminal_lower_col_23,vertical_terminal_strip,vertical,2,5,G23;I23
H24,terminal_lower,H,24,,,950.594,543.72,1047.47,892.364,126.247,terminal_lower_col_24,vertical_terminal_strip,vertical,2,5,G24;I24
H25,terminal_lower,H,25,,,987.318,543.72,1084.459,892.391,117.617,terminal_lower_col_25,vertical_terminal_strip,vertical,2,5,G25;I25
H26,terminal_lower,H,26,,,1024.042,543.72,1121.349,892.418,119.617,terminal_lower_col_26,vertical_terminal_strip,vertical,2,5,G26;I26
H27,terminal_lower,H,27,,,1060.765,543.72,1158.141,892.445,122.901,terminal_lower_col_27,vertical_terminal_strip,vertical,2,5,G27;I27
H28,terminal_lower,H,28,,,1097.489,543.72,1194.835,892.471,129.975,terminal_lower_col_28,vertical_terminal_strip,vertical,2,5,G28;I28
H29,terminal_lower,H,29,,,1134.213,543.72,1231.432,892.498,134.679,terminal_lower_col_29,vertical_terminal_strip,vertical,2,5,G29;I29
H30,terminal_lower,H,30,,,1170.937,543.72,1267.933,892.525,130.963,terminal_lower_col_30,vertical_terminal_strip,vertical,2,5,G30;I30
H31,terminal_lower,H,31,,,1207.66,543.72,1304.337,892.551,118.506,terminal_lower_col_31,vertical_terminal_strip,vertical,2,5,G31;I31
H32,terminal_lower,H,32,,,1244.384,543.72,1340.645,892.578,118.321,terminal_lower_col_32,vertical_terminal_strip,vertical,2,5,G32;I32
H33,terminal_lower,H,33,,,1281.108,543.72,1376.857,892.604,134.975,terminal_lower_col_33,vertical_terminal_strip,vertical,2,5,G33;I33
H34,terminal_lower,H,34,,,1317.831,543.72,1412.974,892.631,105.951,terminal_lower_col_34,vertical_terminal_strip,vertical,2,5,G34;I34
H35,terminal_lower,H,35,,,1354.555,543.72,1448.996,892.657,128.296,terminal_lower_col_35,vertical_terminal_strip,vertical,2,5,G35;I35
H36,terminal_lower,H,36,,,1391.279,543.72,1484.923,892.683,127.988,terminal_lower_col_36,vertical_terminal_strip,vertical,2,5,G36;I36
H37,terminal_lower,H,37,,,1428.003,543.72,1520.756,892.71,112.025,terminal_lower_col_37,vertical_terminal_strip,vertical,2,5,G37;I37
H38,terminal_lower,H,38,,,1464.726,543.72,1556.496,892.736,76.198,terminal_lower_col_38,vertical_terminal_strip,vertical,2,5,G38;I38
H39,terminal_lower,H,39,,,1501.45,543.72,1592.141,892.762,110.802,terminal_lower_col_39,vertical_terminal_strip,vertical,2,5,G39;I39
H40,terminal_lower,H,40,,,1538.174,543.72,1627.694,892.788,106.889,terminal_lower_col_40,vertical_terminal_strip,vertical,2,5,G40;I40
H41,terminal_lower,H,41,,,1574.898,543.72,1663.154,892.814,92.37,terminal_lower_col_41,vertical_terminal_strip,vertical,2,5,G41;I41
H42,terminal_lower,H,42,,,1611.621,543.72,1698.522,892.84,81.519,terminal_lower_col_42,vertical_terminal_strip,vertical,2,5,G42;I42
H43,terminal_lower,H,43,,,1648.345,543.72,1733.798,892.865,94.444,terminal_lower_col_43,vertical_terminal_strip,vertical,2,5,G43;I43
H44,terminal_lower,H,44,,,1685.069,543.72,1768.982,892.891,73.247,terminal_lower_col_44,vertical_terminal_strip,vertical,2,5,G44;I44
H45,terminal_lower,H,45,,,1721.793,543.72,1804.075,892.917,74.938,terminal_lower_col_45,vertical_terminal_strip,vertical,2,5,G45;I45
H46,terminal_lower,H,46,,,1758.516,543.72,1839.077,892.942,63.469,terminal_lower_col_46,vertical_terminal_strip,vertical,2,5,G46;I46
H47,terminal_lower,H,47,,,1795.24,543.72,1873.988,892.968,62.049,terminal_lower_col_47,vertical_terminal_strip,vertical,2,5,G47;I47
H48,terminal_lower,H,48,,,1831.964,543.72,1908.809,892.993,55.296,terminal_lower_col_48,vertical_terminal_strip,vertical,2,5,G48;I48
H49,terminal_lower,H,49,,,1868.687,543.72,1943.54,893.019,51.864,terminal_lower_col_49,vertical_terminal_strip,vertical,2,5,G49;I49
H50,terminal_lower,H,50,,,1905.411,543.72,1978.182,893.044,53.37,terminal_lower_col_50,vertical_terminal_strip,vertical,2,5,G50;I50
H51,terminal_lower,H,51,,,1942.135,543.72,2012.734,893.069,47.642,terminal_lower_col_51,vertical_terminal_strip,vertical,2,5,G51;I51
H52,terminal_lower,H,52,,,1978.859,543.72,2047.198,893.094,47.877,terminal_lower_col_52,vertical_terminal_strip,vertical,2,5,G52;I52
H53,terminal_lower,H,53,,,2015.582,543.72,2081.573,893.12,41.099,terminal_lower_col_53,vertical_terminal_strip,vertical,2,5,G53;I53
H54,terminal_lower,H,54,,,2052.306,543.72,2115.86,893.145,39.173,terminal_lower_col_54,vertical_terminal_strip,vertical,2,5,G54;I54
H55,terminal_lower,H,55,,,2089.03,543.72,2150.059,893.17,36.383,terminal_lower_col_55,vertical_terminal_strip,vertical,2,5,G55;I55
H56,terminal_lower,H,56,,,2125.754,543.72,2184.171,893.195,37.543,terminal_lower_col_56,vertical_terminal_strip,vertical,2,5,G56;I56
H57,terminal_lower,H,57,,,2162.477,543.72,2218.196,893.22,33.272,terminal_lower_col_57,vertical_terminal_strip,vertical,2,5,G57;I57
H58,terminal_lower,H,58,,,2199.201,543.72,2252.133,893.244,31.605,terminal_lower_col_58,vertical_terminal_strip,vertical,2,5,G58;I58
H59,terminal_lower,H,59,,,2235.925,543.72,2285.984,893.269,32.235,terminal_lower_col_59,vertical_terminal_strip,vertical,2,5,G59;I59
H60,terminal_lower,H,60,,,2272.649,543.72,2319.75,893.294,25.852,terminal_lower_col_60,vertical_terminal_strip,vertical,2,5,G60;I60
H61,terminal_lower,H,61,,,2309.372,543.72,2353.429,893.318,23.704,terminal_lower_col_61,vertical_terminal_strip,vertical,2,5,G61;I61
H62,terminal_lower,H,62,,,2346.096,543.72,2387.023,893.343,16.37,terminal_lower_col_62,vertical_terminal_strip,vertical,2,5,G62;I62
I00,terminal_lower,I,0,,,69.225,581.886,129.421,929.635,36.111,terminal_lower_col_00,vertical_terminal_strip,vertical,3,5,H00;J00
I01,terminal_lower,I,1,,,105.948,581.886,168.874,929.611,44.185,terminal_lower_col_01,vertical_terminal_strip,vertical,3,5,H01;J01
I02,terminal_lower,I,2,,,142.672,581.886,208.219,929.588,48.716,terminal_lower_col_02,vertical_terminal_strip,vertical,3,5,H02;J02
I03,terminal_lower,I,3,,,179.396,581.886,247.456,929.565,55.012,terminal_lower_col_03,vertical_terminal_strip,vertical,3,5,H03;J03
I04,terminal_lower,I,4,,,216.119,581.886,286.585,929.542,64.469,terminal_lower_col_04,vertical_terminal_strip,vertical,3,5,H04;J04
I05,terminal_lower,I,5,,,252.843,581.886,325.607,929.518,64.284,terminal_lower_col_05,vertical_terminal_strip,vertical,3,5,H05;J05
I06,terminal_lower,I,6,,,289.567,581.886,364.523,929.495,81.272,terminal_lower_col_06,vertical_terminal_strip,vertical,3,5,H06;J06
I07,terminal_lower,I,7,,,326.291,581.886,403.332,929.473,78.827,terminal_lower_col_07,vertical_terminal_strip,vertical,3,5,H07;J07
I08,terminal_lower,I,8,,,363.014,581.886,442.036,929.45,87.16,terminal_lower_col_08,vertical_terminal_strip,vertical,3,5,H08;J08
I09,terminal_lower,I,9,,,399.738,581.886,480.635,929.427,97.148,terminal_lower_col_09,vertical_terminal_strip,vertical,3,5,H09;J09
I10,terminal_lower,I,10,,,436.462,581.886,519.128,929.404,102.654,terminal_lower_col_10,vertical_terminal_strip,vertical,3,5,H10;J10
I11,terminal_lower,I,11,,,473.186,581.886,557.518,929.381,111.148,terminal_lower_col_11,vertical_terminal_strip,vertical,3,5,H11;J11
I12,terminal_lower,I,12,,,509.909,581.886,595.803,929.359,126.802,terminal_lower_col_12,vertical_terminal_strip,vertical,3,5,H12;J12
I13,terminal_lower,I,13,,,546.633,581.886,633.984,929.336,114.346,terminal_lower_col_13,vertical_terminal_strip,vertical,3,5,H13;J13
I14,terminal_lower,I,14,,,583.357,581.886,672.063,929.314,132.481,terminal_lower_col_14,vertical_terminal_strip,vertical,3,5,H14;J14
I15,terminal_lower,I,15,,,620.081,581.886,710.039,929.291,140.16,terminal_lower_col_15,vertical_terminal_strip,vertical,3,5,H15;J15
I16,terminal_lower,I,16,,,656.804,581.886,747.912,929.269,152.531,terminal_lower_col_16,vertical_terminal_strip,vertical,3,5,H16;J16
I17,terminal_lower,I,17,,,693.528,581.886,785.684,929.246,146.864,terminal_lower_col_17,vertical_terminal_strip,vertical,3,5,H17;J17
I18,terminal_lower,I,18,,,730.252,581.886,823.354,929.224,157.086,terminal_lower_col_18,vertical_terminal_strip,vertical,3,5,H18;J18
I19,terminal_lower,I,19,,,766.975,581.886,860.923,929.202,158.074,terminal_lower_col_19,vertical_terminal_strip,vertical,3,5,H19;J19
I20,terminal_lower,I,20,,,803.699,581.886,898.391,929.18,151.531,terminal_lower_col_20,vertical_terminal_strip,vertical,3,5,H20;J20
I21,terminal_lower,I,21,,,840.423,581.886,935.759,929.158,153.086,terminal_lower_col_21,vertical_terminal_strip,vertical,3,5,H21;J21
I22,terminal_lower,I,22,,,877.147,581.886,973.027,929.136,136.593,terminal_lower_col_22,vertical_terminal_strip,vertical,3,5,H22;J22
I23,terminal_lower,I,23,,,913.87,581.886,1010.195,929.114,124.111,terminal_lower_col_23,vertical_terminal_strip,vertical,3,5,H23;J23
I24,terminal_lower,I,24,,,950.594,581.886,1047.265,929.092,112.185,terminal_lower_col_24,vertical_terminal_strip,vertical,3,5,H24;J24
I25,terminal_lower,I,25,,,987.318,581.886,1084.236,929.07,122.123,terminal_lower_col_25,vertical_terminal_strip,vertical,3,5,H25;J25
I26,terminal_lower,I,26,,,1024.042,581.886,1121.108,929.048,88.0,terminal_lower_col_26,vertical_terminal_strip,vertical,3,5,H26;J26
I27,terminal_lower,I,27,,,1060.765,581.886,1157.883,929.026,50.16,terminal_lower_col_27,vertical_terminal_strip,vertical,3,5,H27;J27
I28,terminal_lower,I,28,,,1097.489,581.886,1194.56,929.005,84.654,terminal_lower_col_28,vertical_terminal_strip,vertical,3,5,H28;J28
I29,terminal_lower,I,29,,,1134.213,581.886,1231.14,928.983,118.457,terminal_lower_col_29,vertical_terminal_strip,vertical,3,5,H29;J29
I30,terminal_lower,I,30,,,1170.937,581.886,1267.623,928.961,114.951,terminal_lower_col_30,vertical_terminal_strip,vertical,3,5,H30;J30
I31,terminal_lower,I,31,,,1207.66,581.886,1304.01,928.94,122.741,terminal_lower_col_31,vertical_terminal_strip,vertical,3,5,H31;J31
I32,terminal_lower,I,32,,,1244.384,581.886,1340.301,928.919,129.235,terminal_lower_col_32,vertical_terminal_strip,vertical,3,5,H32;J32
I33,terminal_lower,I,33,,,1281.108,581.886,1376.496,928.897,126.148,terminal_lower_col_33,vertical_terminal_strip,vertical,3,5,H33;J33
I34,terminal_lower,I,34,,,1317.831,581.886,1412.596,928.876,130.543,terminal_lower_col_34,vertical_terminal_strip,vertical,3,5,H34;J34
I35,terminal_lower,I,35,,,1354.555,581.886,1448.601,928.854,132.296,terminal_lower_col_35,vertical_terminal_strip,vertical,3,5,H35;J35
I36,terminal_lower,I,36,,,1391.279,581.886,1484.512,928.833,123.222,terminal_lower_col_36,vertical_terminal_strip,vertical,3,5,H36;J36
I37,terminal_lower,I,37,,,1428.003,581.886,1520.329,928.812,125.0,terminal_lower_col_37,vertical_terminal_strip,vertical,3,5,H37;J37
I38,terminal_lower,I,38,,,1464.726,581.886,1556.052,928.791,102.309,terminal_lower_col_38,vertical_terminal_strip,vertical,3,5,H38;J38
I39,terminal_lower,I,39,,,1501.45,581.886,1591.681,928.77,103.111,terminal_lower_col_39,vertical_terminal_strip,vertical,3,5,H39;J39
I40,terminal_lower,I,40,,,1538.174,581.886,1627.218,928.749,103.123,terminal_lower_col_40,vertical_terminal_strip,vertical,3,5,H40;J40
I41,terminal_lower,I,41,,,1574.898,581.886,1662.661,928.728,87.0,terminal_lower_col_41,vertical_terminal_strip,vertical,3,5,H41;J41
I42,terminal_lower,I,42,,,1611.621,581.886,1698.013,928.707,78.988,terminal_lower_col_42,vertical_terminal_strip,vertical,3,5,H42;J42
I43,terminal_lower,I,43,,,1648.345,581.886,1733.273,928.686,94.975,terminal_lower_col_43,vertical_terminal_strip,vertical,3,5,H43;J43
I44,terminal_lower,I,44,,,1685.069,581.886,1768.441,928.665,74.21,terminal_lower_col_44,vertical_terminal_strip,vertical,3,5,H44;J44
I45,terminal_lower,I,45,,,1721.793,581.886,1803.518,928.645,77.84,terminal_lower_col_45,vertical_terminal_strip,vertical,3,5,H45;J45
I46,terminal_lower,I,46,,,1758.516,581.886,1838.504,928.624,68.58,terminal_lower_col_46,vertical_terminal_strip,vertical,3,5,H46;J46
I47,terminal_lower,I,47,,,1795.24,581.886,1873.4,928.603,61.691,terminal_lower_col_47,vertical_terminal_strip,vertical,3,5,H47;J47
I48,terminal_lower,I,48,,,1831.964,581.886,1908.205,928.583,63.704,terminal_lower_col_48,vertical_terminal_strip,vertical,3,5,H48;J48
I49,terminal_lower,I,49,,,1868.687,581.886,1942.921,928.562,59.901,terminal_lower_col_49,vertical_terminal_strip,vertical,3,5,H49;J49
I50,terminal_lower,I,50,,,1905.411,581.886,1977.547,928.542,58.444,terminal_lower_col_50,vertical_terminal_strip,vertical,3,5,H50;J50
I51,terminal_lower,I,51,,,1942.135,581.886,2012.084,928.521,51.469,terminal_lower_col_51,vertical_terminal_strip,vertical,3,5,H51;J51
I52,terminal_lower,I,52,,,1978.859,581.886,2046.533,928.501,42.605,terminal_lower_col_52,vertical_terminal_strip,vertical,3,5,H52;J52
I53,terminal_lower,I,53,,,2015.582,581.886,2080.893,928.481,51.852,terminal_lower_col_53,vertical_terminal_strip,vertical,3,5,H53;J53
I54,terminal_lower,I,54,,,2052.306,581.886,2115.165,928.46,43.605,terminal_lower_col_54,vertical_terminal_strip,vertical,3,5,H54;J54
I55,terminal_lower,I,55,,,2089.03,581.886,2149.348,928.44,39.21,terminal_lower_col_55,vertical_terminal_strip,vertical,3,5,H55;J55
I56,terminal_lower,I,56,,,2125.754,581.886,2183.445,928.42,28.815,terminal_lower_col_56,vertical_terminal_strip,vertical,3,5,H56;J56
I57,terminal_lower,I,57,,,2162.477,581.886,2217.455,928.4,31.543,terminal_lower_col_57,vertical_terminal_strip,vertical,3,5,H57;J57
I58,terminal_lower,I,58,,,2199.201,581.886,2251.378,928.38,29.975,terminal_lower_col_58,vertical_terminal_strip,vertical,3,5,H58;J58
I59,terminal_lower,I,59,,,2235.925,581.886,2285.215,928.36,29.469,terminal_lower_col_59,vertical_terminal_strip,vertical,3,5,H59;J59
I60,terminal_lower,I,60,,,2272.649,581.886,2318.965,928.34,24.21,terminal_lower_col_60,vertical_terminal_strip,vertical,3,5,H60;J60
I61,terminal_lower,I,61,,,2309.372,581.886,2352.63,928.32,20.605,terminal_lower_col_61,vertical_terminal_strip,vertical,3,5,H61;J61
I62,terminal_lower,I,62,,,2346.096,581.886,2386.209,928.3,13.148,terminal_lower_col_62,vertical_terminal_strip,vertical,3,5,H62;J62
J00,terminal_lower,J,0,,,69.225,620.051,129.669,967.539,30.951,terminal_lower_col_00,vertical_terminal_strip,vertical,4,5,I00
J01,terminal_lower,J,1,,,105.948,620.051,169.101,967.463,37.358,terminal_lower_col_01,vertical_terminal_strip,vertical,4,5,I01
J02,terminal_lower,J,2,,,142.672,620.051,208.426,967.388,43.84,terminal_lower_col_02,vertical_terminal_strip,vertical,4,5,I02
J03,terminal_lower,J,3,,,179.396,620.051,247.643,967.313,50.173,terminal_lower_col_03,vertical_terminal_strip,vertical,4,5,I03
J04,terminal_lower,J,4,,,216.119,620.051,286.753,967.238,59.395,terminal_lower_col_04,vertical_terminal_strip,vertical,4,5,I04
J05,terminal_lower,J,5,,,252.843,620.051,325.755,967.164,65.198,terminal_lower_col_05,vertical_terminal_strip,vertical,4,5,I05
J06,terminal_lower,J,6,,,289.567,620.051,364.651,967.089,84.309,terminal_lower_col_06,vertical_terminal_strip,vertical,4,5,I06
J07,terminal_lower,J,7,,,326.291,620.051,403.442,967.015,82.827,terminal_lower_col_07,vertical_terminal_strip,vertical,4,5,I07
J08,terminal_lower,J,8,,,363.014,620.051,442.126,966.941,82.309,terminal_lower_col_08,vertical_terminal_strip,vertical,4,5,I08
J09,terminal_lower,J,9,,,399.738,620.051,480.705,966.867,91.21,terminal_lower_col_09,vertical_terminal_strip,vertical,4,5,I09
J10,terminal_lower,J,10,,,436.462,620.051,519.18,966.794,94.123,terminal_lower_col_10,vertical_terminal_strip,vertical,4,5,I10
J11,terminal_lower,J,11,,,473.186,620.051,557.55,966.721,106.753,terminal_lower_col_11,vertical_terminal_strip,vertical,4,5,I11
J12,terminal_lower,J,12,,,509.909,620.051,595.817,966.647,110.877,terminal_lower_col_12,vertical_terminal_strip,vertical,4,5,I12
J13,terminal_lower,J,13,,,546.633,620.051,633.979,966.574,123.605,terminal_lower_col_13,vertical_terminal_strip,vertical,4,5,I13
J14,terminal_lower,J,14,,,583.357,620.051,672.039,966.502,127.63,terminal_lower_col_14,vertical_terminal_strip,vertical,4,5,I14
J15,terminal_lower,J,15,,,620.081,620.051,709.996,966.429,136.0,terminal_lower_col_15,vertical_terminal_strip,vertical,4,5,I15
J16,terminal_lower,J,16,,,656.804,620.051,747.851,966.357,140.84,terminal_lower_col_16,vertical_terminal_strip,vertical,4,5,I16
J17,terminal_lower,J,17,,,693.528,620.051,785.604,966.284,144.765,terminal_lower_col_17,vertical_terminal_strip,vertical,4,5,I17
J18,terminal_lower,J,18,,,730.252,620.051,823.256,966.212,149.556,terminal_lower_col_18,vertical_terminal_strip,vertical,4,5,I18
J19,terminal_lower,J,19,,,766.975,620.051,860.807,966.141,145.185,terminal_lower_col_19,vertical_terminal_strip,vertical,4,5,I19
J20,terminal_lower,J,20,,,803.699,620.051,898.257,966.069,139.111,terminal_lower_col_20,vertical_terminal_strip,vertical,4,5,I20
J21,terminal_lower,J,21,,,840.423,620.051,935.607,965.997,139.975,terminal_lower_col_21,vertical_terminal_strip,vertical,4,5,I21
J22,terminal_lower,J,22,,,877.147,620.051,972.857,965.926,134.296,terminal_lower_col_22,vertical_terminal_strip,vertical,4,5,I22
J23,terminal_lower,J,23,,,913.87,620.051,1010.008,965.855,131.198,terminal_lower_col_23,vertical_terminal_strip,vertical,4,5,I23
J24,terminal_lower,J,24,,,950.594,620.051,1047.06,965.784,128.235,terminal_lower_col_24,vertical_terminal_strip,vertical,4,5,I24
J25,terminal_lower,J,25,,,987.318,620.051,1084.013,965.714,130.111,terminal_lower_col_25,vertical_terminal_strip,vertical,4,5,I25
J26,terminal_lower,J,26,,,1024.042,620.051,1120.868,965.643,128.21,terminal_lower_col_26,vertical_terminal_strip,vertical,4,5,I26
J27,terminal_lower,J,27,,,1060.765,620.051,1157.625,965.573,125.247,terminal_lower_col_27,vertical_terminal_strip,vertical,4,5,I27
J28,terminal_lower,J,28,,,1097.489,620.051,1194.285,965.503,128.691,terminal_lower_col_28,vertical_terminal_strip,vertical,4,5,I28
J29,terminal_lower,J,29,,,1134.213,620.051,1230.847,965.433,120.741,terminal_lower_col_29,vertical_terminal_strip,vertical,4,5,I29
J30,terminal_lower,J,30,,,1170.937,620.051,1267.313,965.363,116.025,terminal_lower_col_30,vertical_terminal_strip,vertical,4,5,I30
J31,terminal_lower,J,31,,,1207.66,620.051,1303.683,965.294,125.198,terminal_lower_col_31,vertical_terminal_strip,vertical,4,5,I31
J32,terminal_lower,J,32,,,1244.384,620.051,1339.957,965.224,136.654,terminal_lower_col_32,vertical_terminal_strip,vertical,4,5,I32
J33,terminal_lower,J,33,,,1281.108,620.051,1376.136,965.155,130.691,terminal_lower_col_33,vertical_terminal_strip,vertical,4,5,I33
J34,terminal_lower,J,34,,,1317.831,620.051,1412.219,965.086,122.395,terminal_lower_col_34,vertical_terminal_strip,vertical,4,5,I34
J35,terminal_lower,J,35,,,1354.555,620.051,1448.207,965.017,130.84,terminal_lower_col_35,vertical_terminal_strip,vertical,4,5,I35
J36,terminal_lower,J,36,,,1391.279,620.051,1484.101,964.949,119.716,terminal_lower_col_36,vertical_terminal_strip,vertical,4,5,I36
J37,terminal_lower,J,37,,,1428.003,620.051,1519.902,964.88,110.765,terminal_lower_col_37,vertical_terminal_strip,vertical,4,5,I37
J38,terminal_lower,J,38,,,1464.726,620.051,1555.608,964.812,94.21,terminal_lower_col_38,vertical_terminal_strip,vertical,4,5,I38
J39,terminal_lower,J,39,,,1501.45,620.051,1591.221,964.744,101.679,terminal_lower_col_39,vertical_terminal_strip,vertical,4,5,I39
J40,terminal_lower,J,40,,,1538.174,620.051,1626.741,964.676,103.975,terminal_lower_col_40,vertical_terminal_strip,vertical,4,5,I40
J41,terminal_lower,J,41,,,1574.898,620.051,1662.169,964.608,96.988,terminal_lower_col_41,vertical_terminal_strip,vertical,4,5,I41
J42,terminal_lower,J,42,,,1611.621,620.051,1697.505,964.54,77.556,terminal_lower_col_42,vertical_terminal_strip,vertical,4,5,I42
J43,terminal_lower,J,43,,,1648.345,620.051,1732.748,964.473,105.444,terminal_lower_col_43,vertical_terminal_strip,vertical,4,5,I43
J44,terminal_lower,J,44,,,1685.069,620.051,1767.901,964.406,79.037,terminal_lower_col_44,vertical_terminal_strip,vertical,4,5,I44
J45,terminal_lower,J,45,,,1721.793,620.051,1802.962,964.339,71.815,terminal_lower_col_45,vertical_terminal_strip,vertical,4,5,I45
J46,terminal_lower,J,46,,,1758.516,620.051,1837.932,964.272,64.901,terminal_lower_col_46,vertical_terminal_strip,vertical,4,5,I46
J47,terminal_lower,J,47,,,1795.24,620.051,1872.812,964.205,61.494,terminal_lower_col_47,vertical_terminal_strip,vertical,4,5,I47
J48,terminal_lower,J,48,,,1831.964,620.051,1907.602,964.139,66.827,terminal_lower_col_48,vertical_terminal_strip,vertical,4,5,I48
J49,terminal_lower,J,49,,,1868.687,620.051,1942.302,964.072,54.543,terminal_lower_col_49,vertical_terminal_strip,vertical,4,5,I49
J50,terminal_lower,J,50,,,1905.411,620.051,1976.913,964.006,52.296,terminal_lower_col_50,vertical_terminal_strip,vertical,4,5,I50
J51,terminal_lower,J,51,,,1942.135,620.051,2011.435,963.94,47.099,terminal_lower_col_51,vertical_terminal_strip,vertical,4,5,I51
J52,terminal_lower,J,52,,,1978.859,620.051,2045.868,963.874,45.062,terminal_lower_col_52,vertical_terminal_strip,vertical,4,5,I52
J53,terminal_lower,J,53,,,2015.582,620.051,2080.213,963.809,36.049,terminal_lower_col_53,vertical_terminal_strip,vertical,4,5,I53
J54,terminal_lower,J,54,,,2052.306,620.051,2114.469,963.743,38.654,terminal_lower_col_54,vertical_terminal_strip,vertical,4,5,I54
J55,terminal_lower,J,55,,,2089.03,620.051,2148.638,963.678,39.469,terminal_lower_col_55,vertical_terminal_strip,vertical,4,5,I55
J56,terminal_lower,J,56,,,2125.754,620.051,2182.72,963.612,32.444,terminal_lower_col_56,vertical_terminal_strip,vertical,4,5,I56
J57,terminal_lower,J,57,,,2162.477,620.051,2216.715,963.547,30.383,terminal_lower_col_57,vertical_terminal_strip,vertical,4,5,I57
J58,terminal_lower,J,58,,,2199.201,620.051,2250.624,963.483,28.667,terminal_lower_col_58,vertical_terminal_strip,vertical,4,5,I58
J59,terminal_lower,J,59,,,2235.925,620.051,2284.445,963.418,21.63,terminal_lower_col_59,vertical_terminal_strip,vertical,4,5,I59
J60,terminal_lower,J,60,,,2272.649,620.051,2318.181,963.353,19.136,terminal_lower_col_60,vertical_terminal_strip,vertical,4,5,I60
J61,terminal_lower,J,61,,,2309.372,620.051,2351.831,963.289,19.21,terminal_lower_col_61,vertical_terminal_strip,vertical,4,5,I61
J62,terminal_lower,J,62,,,2346.096,620.051,2385.396,963.225,13.63,terminal_lower_col_62,vertical_terminal_strip,vertical,4,5,I62
top_pos_00,power_rail,top_pos,0,0,0,135.887,52.785,198.009,401.505,18.494,power_rail_top_pos,horizontal_power_rail,horizontal,0,50,top_pos_01
top_pos_01,power_rail,top_pos,1,0,1,172.841,52.785,237.79,402.215,40.506,power_rail_top_pos,horizontal_power_rail,horizontal,1,50,top_pos_00;top_pos_02
top_pos_02,power_rail,top_pos,2,0,2,209.794,52.785,277.461,402.923,62.741,power_rail_top_pos,horizontal_power_rail,horizontal,2,50,top_pos_01;top_pos_03
top_pos_03,power_rail,top_pos,3,0,3,246.747,52.785,317.021,403.63,74.173,power_rail_top_pos,horizontal_power_rail,horizontal,3,50,top_pos_02;top_pos_04
top_pos_04,power_rail,top_pos,4,0,4,283.7,52.785,356.472,404.335,87.37,power_rail_top_pos,horizontal_power_rail,horizontal,4,50,top_pos_03;top_pos_05
top_pos_05,power_rail,top_pos,5,1,0,357.607,52.785,435.048,405.738,55.0,power_rail_top_pos,horizontal_power_rail,horizontal,5,50,top_pos_04;top_pos_06
top_pos_06,power_rail,top_pos,6,1,1,394.56,52.785,474.173,406.436,88.79,power_rail_top_pos,horizontal_power_rail,horizontal,6,50,top_pos_05;top_pos_07
top_pos_07,power_rail,top_pos,7,1,2,431.513,52.785,513.19,407.133,87.914,power_rail_top_pos,horizontal_power_rail,horizontal,7,50,top_pos_06;top_pos_08
top_pos_08,power_rail,top_pos,8,1,3,468.467,52.785,552.1,407.828,107.383,power_rail_top_pos,horizontal_power_rail,horizontal,8,50,top_pos_07;top_pos_09
top_pos_09,power_rail,top_pos,9,1,4,505.42,52.785,590.904,408.521,100.877,power_rail_top_pos,horizontal_power_rail,horizontal,9,50,top_pos_08;top_pos_10
top_pos_10,power_rail,top_pos,10,2,0,579.326,52.785,668.192,409.901,82.778,power_rail_top_pos,horizontal_power_rail,horizontal,10,50,top_pos_09;top_pos_11
top_pos_11,power_rail,top_pos,11,2,1,616.28,52.785,706.677,410.589,104.457,power_rail_top_pos,horizontal_power_rail,horizontal,11,50,top_pos_10;top_pos_12
top_pos_12,power_rail,top_pos,12,2,2,653.233,52.785,745.058,411.274,106.654,power_rail_top_pos,horizontal_power_rail,horizontal,12,50,top_pos_11;top_pos_13
top_pos_13,power_rail,top_pos,13,2,3,690.186,52.785,783.334,411.958,112.642,power_rail_top_pos,horizontal_power_rail,horizontal,13,50,top_pos_12;top_pos_14
top_pos_14,power_rail,top_pos,14,2,4,727.139,52.785,821.505,412.639,105.852,power_rail_top_pos,horizontal_power_rail,horizontal,14,50,top_pos_13;top_pos_15
top_pos_15,power_rail,top_pos,15,3,0,801.046,52.785,897.538,413.997,107.506,power_rail_top_pos,horizontal_power_rail,horizontal,15,50,top_pos_14;top_pos_16
top_pos_16,power_rail,top_pos,16,3,1,837.999,52.785,935.399,414.673,113.086,power_rail_top_pos,horizontal_power_rail,horizontal,16,50,top_pos_15;top_pos_17
top_pos_17,power_rail,top_pos,17,3,2,874.952,52.785,973.158,415.348,113.556,power_rail_top_pos,horizontal_power_rail,horizontal,17,50,top_pos_16;top_pos_18
top_pos_18,power_rail,top_pos,18,3,3,911.906,52.785,1010.815,416.02,110.111,power_rail_top_pos,horizontal_power_rail,horizontal,18,50,top_pos_17;top_pos_19
top_pos_19,power_rail,top_pos,19,3,4,948.859,52.785,1048.37,416.691,111.568,power_rail_top_pos,horizontal_power_rail,horizontal,19,50,top_pos_18;top_pos_20
top_pos_20,power_rail,top_pos,20,4,0,1022.765,52.785,1123.177,418.027,111.284,power_rail_top_pos,horizontal_power_rail,horizontal,20,50,top_pos_19;top_pos_21
top_pos_21,power_rail,top_pos,21,4,1,1059.719,52.785,1160.429,418.692,112.42,power_rail_top_pos,horizontal_power_rail,horizontal,21,50,top_pos_20;top_pos_22
top_pos_22,power_rail,top_pos,22,4,2,1096.672,52.785,1197.582,419.356,114.099,power_rail_top_pos,horizontal_power_rail,horizontal,22,50,top_pos_21;top_pos_23
top_pos_23,power_rail,top_pos,23,4,3,1133.625,52.785,1234.635,420.017,101.37,power_rail_top_pos,horizontal_power_rail,horizontal,23,50,top_pos_22;top_pos_24
top_pos_24,power_rail,top_pos,24,4,4,1170.578,52.785,1271.588,420.677,94.951,power_rail_top_pos,horizontal_power_rail,horizontal,24,50,top_pos_23;top_pos_25
top_pos_25,power_rail,top_pos,25,5,0,1244.485,52.785,1345.199,421.992,86.568,power_rail_top_pos,horizontal_power_rail,horizontal,25,50,top_pos_24;top_pos_26
top_pos_26,power_rail,top_pos,26,5,1,1281.438,52.785,1381.857,422.646,100.975,power_rail_top_pos,horizontal_power_rail,horizontal,26,50,top_pos_25;top_pos_27
top_pos_27,power_rail,top_pos,27,5,2,1318.392,52.785,1418.417,423.299,109.753,power_rail_top_pos,horizontal_power_rail,horizontal,27,50,top_pos_26;top_pos_28
top_pos_28,power_rail,top_pos,28,5,3,1355.345,52.785,1454.88,423.951,99.333,power_rail_top_pos,horizontal_power_rail,horizontal,28,50,top_pos_27;top_pos_29
top_pos_29,power_rail,top_pos,29,5,4,1392.298,52.785,1491.246,424.6,90.074,power_rail_top_pos,horizontal_power_rail,horizontal,29,50,top_pos_28;top_pos_30
top_pos_30,power_rail,top_pos,30,6,0,1466.205,52.785,1563.689,425.894,91.37,power_rail_top_pos,horizontal_power_rail,horizontal,30,50,top_pos_29;top_pos_31
top_pos_31,power_rail,top_pos,31,6,1,1503.158,52.785,1599.767,426.538,92.321,power_rail_top_pos,horizontal_power_rail,horizontal,31,50,top_pos_30;top_pos_32
top_pos_32,power_rail,top_pos,32,6,2,1540.111,52.785,1635.75,427.181,87.679,power_rail_top_pos,horizontal_power_rail,horizontal,32,50,top_pos_31;top_pos_33
top_pos_33,power_rail,top_pos,33,6,3,1577.064,52.785,1671.637,427.821,85.926,power_rail_top_pos,horizontal_power_rail,horizontal,33,50,top_pos_32;top_pos_34
top_pos_34,power_rail,top_pos,34,6,4,1614.018,52.785,1707.43,428.461,71.506,power_rail_top_pos,horizontal_power_rail,horizontal,34,50,top_pos_33;top_pos_35
top_pos_35,power_rail,top_pos,35,7,0,1687.924,52.785,1778.733,429.734,77.741,power_rail_top_pos,horizontal_power_rail,horizontal,35,50,top_pos_34;top_pos_36
top_pos_36,power_rail,top_pos,36,7,1,1724.877,52.785,1814.244,430.368,65.988,power_rail_top_pos,horizontal_power_rail,horizontal,36,50,top_pos_35;top_pos_37
top_pos_37,power_rail,top_pos,37,7,2,1761.831,52.785,1849.661,431.001,66.0,power_rail_top_pos,horizontal_power_rail,horizontal,37,50,top_pos_36;top_pos_38
top_pos_38,power_rail,top_pos,38,7,3,1798.784,52.785,1884.987,431.632,62.914,power_rail_top_pos,horizontal_power_rail,horizontal,38,50,top_pos_37;top_pos_39
top_pos_39,power_rail,top_pos,39,7,4,1835.737,52.785,1920.219,432.261,57.148,power_rail_top_pos,horizontal_power_rail,horizontal,39,50,top_pos_38;top_pos_40
top_pos_40,power_rail,top_pos,40,8,0,1909.644,52.785,1990.409,433.514,89.852,power_rail_top_pos,horizontal_power_rail,horizontal,40,50,top_pos_39;top_pos_41
top_pos_41,power_rail,top_pos,41,8,1,1946.597,52.785,2025.367,434.139,52.704,power_rail_top_pos,horizontal_power_rail,horizontal,41,50,top_pos_40;top_pos_42
top_pos_42,power_rail,top_pos,42,8,2,1983.55,52.785,2060.234,434.761,54.37,power_rail_top_pos,horizontal_power_rail,horizontal,42,50,top_pos_41;top_pos_43
top_pos_43,power_rail,top_pos,43,8,3,2020.503,52.785,2095.01,435.382,50.741,power_rail_top_pos,horizontal_power_rail,horizontal,43,50,top_pos_42;top_pos_44
top_pos_44,power_rail,top_pos,44,8,4,2057.457,52.785,2129.695,436.002,39.346,power_rail_top_pos,horizontal_power_rail,horizontal,44,50,top_pos_43;top_pos_45
top_pos_45,power_rail,top_pos,45,9,0,2131.363,52.785,2198.798,437.236,51.926,power_rail_top_pos,horizontal_power_rail,horizontal,45,50,top_pos_44;top_pos_46
top_pos_46,power_rail,top_pos,46,9,1,2168.316,52.785,2233.215,437.85,47.802,power_rail_top_pos,horizontal_power_rail,horizontal,46,50,top_pos_45;top_pos_47
top_pos_47,power_rail,top_pos,47,9,2,2205.27,52.785,2267.543,438.464,47.37,power_rail_top_pos,horizontal_power_rail,horizontal,47,50,top_pos_46;top_pos_48
top_pos_48,power_rail,top_pos,48,9,3,2242.223,52.785,2301.783,439.075,37.025,power_rail_top_pos,horizontal_power_rail,horizontal,48,50,top_pos_47;top_pos_49
top_pos_49,power_rail,top_pos,49,9,4,2279.176,52.785,2335.934,439.685,22.901,power_rail_top_pos,horizontal_power_rail,horizontal,49,50,top_pos_48
top_neg_00,power_rail,top_neg,0,0,0,135.887,95.565,198.249,444.476,19.84,power_rail_top_neg,horizontal_power_rail,horizontal,0,50,top_neg_01
top_neg_01,power_rail,top_neg,1,0,1,172.841,95.565,238.008,445.127,37.37,power_rail_top_neg,horizontal_power_rail,horizontal,1,50,top_neg_00;top_neg_02
top_neg_02,power_rail,top_neg,2,0,2,209.794,95.565,277.655,445.775,43.84,power_rail_top_neg,horizontal_power_rail,horizontal,2,50,top_neg_01;top_neg_03
top_neg_03,power_rail,top_neg,3,0,3,246.747,95.565,317.193,446.422,56.074,power_rail_top_neg,horizontal_power_rail,horizontal,3,50,top_neg_02;top_neg_04
top_neg_04,power_rail,top_neg,4,0,4,283.7,95.565,356.622,447.067,70.568,power_rail_top_neg,horizontal_power_rail,horizontal,4,50,top_neg_03;top_neg_05
top_neg_05,power_rail,top_neg,5,1,0,357.607,95.565,435.153,448.351,76.679,power_rail_top_neg,horizontal_power_rail,horizontal,5,50,top_neg_04;top_neg_06
top_neg_06,power_rail,top_neg,6,1,1,394.56,95.565,474.256,448.991,91.963,power_rail_top_neg,horizontal_power_rail,horizontal,6,50,top_neg_05;top_neg_07
top_neg_07,power_rail,top_neg,7,1,2,431.513,95.565,513.252,449.629,103.123,power_rail_top_neg,horizontal_power_rail,horizontal,7,50,top_neg_06;top_neg_08
top_neg_08,power_rail,top_neg,8,1,3,468.467,95.565,552.14,450.265,89.864,power_rail_top_neg,horizontal_power_rail,horizontal,8,50,top_neg_07;top_neg_09
top_neg_09,power_rail,top_neg,9,1,4,505.42,95.565,590.922,450.899,116.148,power_rail_top_neg,horizontal_power_rail,horizontal,9,50,top_neg_08;top_neg_10
top_neg_10,power_rail,top_neg,10,2,0,579.326,95.565,668.167,452.163,98.753,power_rail_top_neg,horizontal_power_rail,horizontal,10,50,top_neg_09;top_neg_11
top_neg_11,power_rail,top_neg,11,2,1,616.28,95.565,706.632,452.792,123.37,power_rail_top_neg,horizontal_power_rail,horizontal,11,50,top_neg_10;top_neg_12
top_neg_12,power_rail,top_neg,12,2,2,653.233,95.565,744.991,453.42,144.802,power_rail_top_neg,horizontal_power_rail,horizontal,12,50,top_neg_11;top_neg_13
top_neg_13,power_rail,top_neg,13,2,3,690.186,95.565,783.246,454.045,118.914,power_rail_top_neg,horizontal_power_rail,horizontal,13,50,top_neg_12;top_neg_14
top_neg_14,power_rail,top_neg,14,2,4,727.139,95.565,821.396,454.669,125.765,power_rail_top_neg,horizontal_power_rail,horizontal,14,50,top_neg_13;top_neg_15
top_neg_15,power_rail,top_neg,15,3,0,801.046,95.565,897.387,455.912,102.79,power_rail_top_neg,horizontal_power_rail,horizontal,15,50,top_neg_14;top_neg_16
top_neg_16,power_rail,top_neg,16,3,1,837.999,95.565,935.228,456.531,101.259,power_rail_top_neg,horizontal_power_rail,horizontal,16,50,top_neg_15;top_neg_17
top_neg_17,power_rail,top_neg,17,3,2,874.952,95.565,972.966,457.149,102.988,power_rail_top_neg,horizontal_power_rail,horizontal,17,50,top_neg_16;top_neg_18
top_neg_18,power_rail,top_neg,18,3,3,911.906,95.565,1010.603,457.764,125.309,power_rail_top_neg,horizontal_power_rail,horizontal,18,50,top_neg_17;top_neg_19
top_neg_19,power_rail,top_neg,19,3,4,948.859,95.565,1048.138,458.378,121.827,power_rail_top_neg,horizontal_power_rail,horizontal,19,50,top_neg_18;top_neg_20
top_neg_20,power_rail,top_neg,20,4,0,1022.765,95.565,1122.904,459.601,127.938,power_rail_top_neg,horizontal_power_rail,horizontal,20,50,top_neg_19;top_neg_21
top_neg_21,power_rail,top_neg,21,4,1,1059.719,95.565,1160.137,460.21,76.889,power_rail_top_neg,horizontal_power_rail,horizontal,21,50,top_neg_20;top_neg_22
top_neg_22,power_rail,top_neg,22,4,2,1096.672,95.565,1197.27,460.818,124.988,power_rail_top_neg,horizontal_power_rail,horizontal,22,50,top_neg_21;top_neg_23
top_neg_23,power_rail,top_neg,23,4,3,1133.625,95.565,1234.303,461.423,112.136,power_rail_top_neg,horizontal_power_rail,horizontal,23,50,top_neg_22;top_neg_24
top_neg_24,power_rail,top_neg,24,4,4,1170.578,95.565,1271.236,462.028,115.235,power_rail_top_neg,horizontal_power_rail,horizontal,24,50,top_neg_23;top_neg_25
top_neg_25,power_rail,top_neg,25,5,0,1244.485,95.565,1344.808,463.231,105.593,power_rail_top_neg,horizontal_power_rail,horizontal,25,50,top_neg_24;top_neg_26
top_neg_26,power_rail,top_neg,26,5,1,1281.438,95.565,1381.447,463.83,97.556,power_rail_top_neg,horizontal_power_rail,horizontal,26,50,top_neg_25;top_neg_27
top_neg_27,power_rail,top_neg,27,5,2,1318.392,95.565,1417.988,464.428,107.099,power_rail_top_neg,horizontal_power_rail,horizontal,27,50,top_neg_26;top_neg_28
top_neg_28,power_rail,top_neg,28,5,3,1355.345,95.565,1454.432,465.024,97.457,power_rail_top_neg,horizontal_power_rail,horizontal,28,50,top_neg_27;top_neg_29
top_neg_29,power_rail,top_neg,29,5,4,1392.298,95.565,1490.779,465.619,60.938,power_rail_top_neg,horizontal_power_rail,horizontal,29,50,top_neg_28;top_neg_30
top_neg_30,power_rail,top_neg,30,6,0,1466.205,95.565,1563.185,466.803,94.062,power_rail_top_neg,horizontal_power_rail,horizontal,30,50,top_neg_29;top_neg_31
top_neg_31,power_rail,top_neg,31,6,1,1503.158,95.565,1599.244,467.393,92.79,power_rail_top_neg,horizontal_power_rail,horizontal,31,50,top_neg_30;top_neg_32
top_neg_32,power_rail,top_neg,32,6,2,1540.111,95.565,1635.208,467.981,82.148,power_rail_top_neg,horizontal_power_rail,horizontal,32,50,top_neg_31;top_neg_33
top_neg_33,power_rail,top_neg,33,6,3,1577.064,95.565,1671.077,468.568,80.914,power_rail_top_neg,horizontal_power_rail,horizontal,33,50,top_neg_32;top_neg_34
top_neg_34,power_rail,top_neg,34,6,4,1614.018,95.565,1706.851,469.153,70.432,power_rail_top_neg,horizontal_power_rail,horizontal,34,50,top_neg_33;top_neg_35
top_neg_35,power_rail,top_neg,35,7,0,1687.924,95.565,1778.118,470.319,75.346,power_rail_top_neg,horizontal_power_rail,horizontal,35,50,top_neg_34;top_neg_36
top_neg_36,power_rail,top_neg,36,7,1,1724.877,95.565,1813.61,470.899,87.481,power_rail_top_neg,horizontal_power_rail,horizontal,36,50,top_neg_35;top_neg_37
top_neg_37,power_rail,top_neg,37,7,2,1761.831,95.565,1849.01,471.478,68.037,power_rail_top_neg,horizontal_power_rail,horizontal,37,50,top_neg_36;top_neg_38
top_neg_38,power_rail,top_neg,38,7,3,1798.784,95.565,1884.318,472.056,56.198,power_rail_top_neg,horizontal_power_rail,horizontal,38,50,top_neg_37;top_neg_39
top_neg_39,power_rail,top_neg,39,7,4,1835.737,95.565,1919.533,472.632,59.617,power_rail_top_neg,horizontal_power_rail,horizontal,39,50,top_neg_38;top_neg_40
top_neg_40,power_rail,top_neg,40,8,0,1909.644,95.565,1989.687,473.78,73.951,power_rail_top_neg,horizontal_power_rail,horizontal,40,50,top_neg_39;top_neg_41
top_neg_41,power_rail,top_neg,41,8,1,1946.597,95.565,2024.627,474.351,58.284,power_rail_top_neg,horizontal_power_rail,horizontal,41,50,top_neg_40;top_neg_42
top_neg_42,power_rail,top_neg,42,8,2,1983.55,95.565,2059.477,474.921,50.654,power_rail_top_neg,horizontal_power_rail,horizontal,42,50,top_neg_41;top_neg_43
top_neg_43,power_rail,top_neg,43,8,3,2020.503,95.565,2094.235,475.49,49.778,power_rail_top_neg,horizontal_power_rail,horizontal,43,50,top_neg_42;top_neg_44
top_neg_44,power_rail,top_neg,44,8,4,2057.457,95.565,2128.904,476.057,38.802,power_rail_top_neg,horizontal_power_rail,horizontal,44,50,top_neg_43;top_neg_45
top_neg_45,power_rail,top_neg,45,9,0,2131.363,95.565,2197.972,477.187,64.185,power_rail_top_neg,horizontal_power_rail,horizontal,45,50,top_neg_44;top_neg_46
top_neg_46,power_rail,top_neg,46,9,1,2168.316,95.565,2232.372,477.749,51.062,power_rail_top_neg,horizontal_power_rail,horizontal,46,50,top_neg_45;top_neg_47
top_neg_47,power_rail,top_neg,47,9,2,2205.27,95.565,2266.684,478.31,45.852,power_rail_top_neg,horizontal_power_rail,horizontal,47,50,top_neg_46;top_neg_48
top_neg_48,power_rail,top_neg,48,9,3,2242.223,95.565,2300.906,478.87,34.444,power_rail_top_neg,horizontal_power_rail,horizontal,48,50,top_neg_47;top_neg_49
top_neg_49,power_rail,top_neg,49,9,4,2279.176,95.565,2335.041,479.429,21.654,power_rail_top_neg,horizontal_power_rail,horizontal,49,50,top_neg_48
bottom_pos_00,power_rail,bottom_pos,0,0,0,135.887,729.632,201.774,1075.752,9.074,power_rail_bottom_pos,horizontal_power_rail,horizontal,0,50,bottom_pos_01
bottom_pos_01,power_rail,bottom_pos,1,0,1,172.841,729.632,241.198,1075.527,15.333,power_rail_bottom_pos,horizontal_power_rail,horizontal,1,50,bottom_pos_00;bottom_pos_02
bottom_pos_02,power_rail,bottom_pos,2,0,2,209.794,729.632,280.514,1075.303,27.58,power_rail_bottom_pos,horizontal_power_rail,horizontal,2,50,bottom_pos_01;bottom_pos_03
bottom_pos_03,power_rail,bottom_pos,3,0,3,246.747,729.632,319.722,1075.079,44.593,power_rail_bottom_pos,horizontal_power_rail,horizontal,3,50,bottom_pos_02;bottom_pos_04
bottom_pos_04,power_rail,bottom_pos,4,0,4,283.7,729.632,358.823,1074.857,48.111,power_rail_bottom_pos,horizontal_power_rail,horizontal,4,50,bottom_pos_03;bottom_pos_05
bottom_pos_05,power_rail,bottom_pos,5,1,0,357.607,729.632,436.702,1074.413,37.395,power_rail_bottom_pos,horizontal_power_rail,horizontal,5,50,bottom_pos_04;bottom_pos_06
bottom_pos_06,power_rail,bottom_pos,6,1,1,394.56,729.632,475.483,1074.192,52.37,power_rail_bottom_pos,horizontal_power_rail,horizontal,6,50,bottom_pos_05;bottom_pos_07
bottom_pos_07,power_rail,bottom_pos,7,1,2,431.513,729.632,514.157,1073.971,58.741,power_rail_bottom_pos,horizontal_power_rail,horizontal,7,50,bottom_pos_06;bottom_pos_08
bottom_pos_08,power_rail,bottom_pos,8,1,3,468.467,729.632,552.726,1073.752,67.235,power_rail_bottom_pos,horizontal_power_rail,horizontal,8,50,bottom_pos_07;bottom_pos_09
bottom_pos_09,power_rail,bottom_pos,9,1,4,505.42,729.632,591.19,1073.532,74.827,power_rail_bottom_pos,horizontal_power_rail,horizontal,9,50,bottom_pos_08;bottom_pos_10
bottom_pos_10,power_rail,bottom_pos,10,2,0,579.326,729.632,667.805,1073.096,64.741,power_rail_bottom_pos,horizontal_power_rail,horizontal,10,50,bottom_pos_09;bottom_pos_11
bottom_pos_11,power_rail,bottom_pos,11,2,1,616.28,729.632,705.957,1072.879,91.815,power_rail_bottom_pos,horizontal_power_rail,horizontal,11,50,bottom_pos_10;bottom_pos_12
bottom_pos_12,power_rail,bottom_pos,12,2,2,653.233,729.632,744.005,1072.662,86.593,power_rail_bottom_pos,horizontal_power_rail,horizontal,12,50,bottom_pos_11;bottom_pos_13
bottom_pos_13,power_rail,bottom_pos,13,2,3,690.186,729.632,781.951,1072.445,97.864,power_rail_bottom_pos,horizontal_power_rail,horizontal,13,50,bottom_pos_12;bottom_pos_14
bottom_pos_14,power_rail,bottom_pos,14,2,4,727.139,729.632,819.794,1072.23,73.099,power_rail_bottom_pos,horizontal_power_rail,horizontal,14,50,bottom_pos_13;bottom_pos_15
bottom_pos_15,power_rail,bottom_pos,15,3,0,801.046,729.632,895.175,1071.8,71.321,power_rail_bottom_pos,horizontal_power_rail,horizontal,15,50,bottom_pos_14;bottom_pos_16
bottom_pos_16,power_rail,bottom_pos,16,3,1,837.999,729.632,932.713,1071.586,89.778,power_rail_bottom_pos,horizontal_power_rail,horizontal,16,50,bottom_pos_15;bottom_pos_17
bottom_pos_17,power_rail,bottom_pos,17,3,2,874.952,729.632,970.151,1071.373,81.901,power_rail_bottom_pos,horizontal_power_rail,horizontal,17,50,bottom_pos_16;bottom_pos_18
bottom_pos_18,power_rail,bottom_pos,18,3,3,911.906,729.632,1007.488,1071.16,101.346,power_rail_bottom_pos,horizontal_power_rail,horizontal,18,50,bottom_pos_17;bottom_pos_19
bottom_pos_19,power_rail,bottom_pos,19,3,4,948.859,729.632,1044.725,1070.948,74.975,power_rail_bottom_pos,horizontal_power_rail,horizontal,19,50,bottom_pos_18;bottom_pos_20
bottom_pos_20,power_rail,bottom_pos,20,4,0,1022.765,729.632,1118.901,1070.525,96.012,power_rail_bottom_pos,horizontal_power_rail,horizontal,20,50,bottom_pos_19;bottom_pos_21
bottom_pos_21,power_rail,bottom_pos,21,4,1,1059.719,729.632,1155.841,1070.315,88.63,power_rail_bottom_pos,horizontal_power_rail,horizontal,21,50,bottom_pos_20;bottom_pos_22
bottom_pos_22,power_rail,bottom_pos,22,4,2,1096.672,729.632,1192.683,1070.105,88.062,power_rail_bottom_pos,horizontal_power_rail,horizontal,22,50,bottom_pos_21;bottom_pos_23
bottom_pos_23,power_rail,bottom_pos,23,4,3,1133.625,729.632,1229.426,1069.896,83.679,power_rail_bottom_pos,horizontal_power_rail,horizontal,23,50,bottom_pos_22;bottom_pos_24
bottom_pos_24,power_rail,bottom_pos,24,4,4,1170.578,729.632,1266.072,1069.687,87.543,power_rail_bottom_pos,horizontal_power_rail,horizontal,24,50,bottom_pos_23;bottom_pos_25
bottom_pos_25,power_rail,bottom_pos,25,5,0,1244.485,729.632,1339.072,1069.271,77.988,power_rail_bottom_pos,horizontal_power_rail,horizontal,25,50,bottom_pos_24;bottom_pos_26
bottom_pos_26,power_rail,bottom_pos,26,5,1,1281.438,729.632,1375.427,1069.064,74.593,power_rail_bottom_pos,horizontal_power_rail,horizontal,26,50,bottom_pos_25;bottom_pos_27
bottom_pos_27,power_rail,bottom_pos,27,5,2,1318.392,729.632,1411.686,1068.857,68.235,power_rail_bottom_pos,horizontal_power_rail,horizontal,27,50,bottom_pos_26;bottom_pos_28
bottom_pos_28,power_rail,bottom_pos,28,5,3,1355.345,729.632,1447.85,1068.651,64.84,power_rail_bottom_pos,horizontal_power_rail,horizontal,28,50,bottom_pos_27;bottom_pos_29
bottom_pos_29,power_rail,bottom_pos,29,5,4,1392.298,729.632,1483.918,1068.445,67.704,power_rail_bottom_pos,horizontal_power_rail,horizontal,29,50,bottom_pos_28;bottom_pos_30
bottom_pos_30,power_rail,bottom_pos,30,6,0,1466.205,729.632,1555.77,1068.036,81.432,power_rail_bottom_pos,horizontal_power_rail,horizontal,30,50,bottom_pos_29;bottom_pos_31
bottom_pos_31,power_rail,bottom_pos,31,6,1,1503.158,729.632,1591.555,1067.832,60.802,power_rail_bottom_pos,horizontal_power_rail,horizontal,31,50,bottom_pos_30;bottom_pos_32
bottom_pos_32,power_rail,bottom_pos,32,6,2,1540.111,729.632,1627.246,1067.629,49.679,power_rail_bottom_pos,horizontal_power_rail,horizontal,32,50,bottom_pos_31;bottom_pos_33
bottom_pos_33,power_rail,bottom_pos,33,6,3,1577.064,729.632,1662.843,1067.426,46.654,power_rail_bottom_pos,horizontal_power_rail,horizontal,33,50,bottom_pos_32;bottom_pos_34
bottom_pos_34,power_rail,bottom_pos,34,6,4,1614.018,729.632,1698.347,1067.224,36.889,power_rail_bottom_pos,horizontal_power_rail,horizontal,34,50,bottom_pos_33;bottom_pos_35
bottom_pos_35,power_rail,bottom_pos,35,7,0,1687.924,729.632,1769.078,1066.82,47.679,power_rail_bottom_pos,horizontal_power_rail,horizontal,35,50,bottom_pos_34;bottom_pos_36
bottom_pos_36,power_rail,bottom_pos,36,7,1,1724.877,729.632,1804.305,1066.62,44.346,power_rail_bottom_pos,horizontal_power_rail,horizontal,36,50,bottom_pos_35;bottom_pos_37
bottom_pos_37,power_rail,bottom_pos,37,7,2,1761.831,729.632,1839.441,1066.42,42.198,power_rail_bottom_pos,horizontal_power_rail,horizontal,37,50,bottom_pos_36;bottom_pos_38
bottom_pos_38,power_rail,bottom_pos,38,7,3,1798.784,729.632,1874.485,1066.22,41.21,power_rail_bottom_pos,horizontal_power_rail,horizontal,38,50,bottom_pos_37;bottom_pos_39
bottom_pos_39,power_rail,bottom_pos,39,7,4,1835.737,729.632,1909.438,1066.021,26.432,power_rail_bottom_pos,horizontal_power_rail,horizontal,39,50,bottom_pos_38;bottom_pos_40
bottom_pos_40,power_rail,bottom_pos,40,8,0,1909.644,729.632,1979.074,1065.624,40.42,power_rail_bottom_pos,horizontal_power_rail,horizontal,40,50,bottom_pos_39;bottom_pos_41
bottom_pos_41,power_rail,bottom_pos,41,8,1,1946.597,729.632,2013.757,1065.426,42.185,power_rail_bottom_pos,horizontal_power_rail,horizontal,41,50,bottom_pos_40;bottom_pos_42
bottom_pos_42,power_rail,bottom_pos,42,8,2,1983.55,729.632,2048.35,1065.229,33.358,power_rail_bottom_pos,horizontal_power_rail,horizontal,42,50,bottom_pos_41;bottom_pos_43
bottom_pos_43,power_rail,bottom_pos,43,8,3,2020.503,729.632,2082.854,1065.032,25.432,power_rail_bottom_pos,horizontal_power_rail,horizontal,43,50,bottom_pos_42;bottom_pos_44
bottom_pos_44,power_rail,bottom_pos,44,8,4,2057.457,729.632,2117.269,1064.836,14.37,power_rail_bottom_pos,horizontal_power_rail,horizontal,44,50,bottom_pos_43;bottom_pos_45
bottom_pos_45,power_rail,bottom_pos,45,9,0,2131.363,729.632,2185.834,1064.446,17.407,power_rail_bottom_pos,horizontal_power_rail,horizontal,45,50,bottom_pos_44;bottom_pos_46
bottom_pos_46,power_rail,bottom_pos,46,9,1,2168.316,729.632,2219.985,1064.251,21.556,power_rail_bottom_pos,horizontal_power_rail,horizontal,46,50,bottom_pos_45;bottom_pos_47
bottom_pos_47,power_rail,bottom_pos,47,9,2,2205.27,729.632,2254.049,1064.057,8.185,power_rail_bottom_pos,horizontal_power_rail,horizontal,47,50,bottom_pos_46;bottom_pos_48
bottom_pos_48,power_rail,bottom_pos,48,9,3,2242.223,729.632,2288.025,1063.863,8.099,power_rail_bottom_pos,horizontal_power_rail,horizontal,48,50,bottom_pos_47;bottom_pos_49
bottom_pos_49,power_rail,bottom_pos,49,9,4,2279.176,729.632,2321.915,1063.67,1.247,power_rail_bottom_pos,horizontal_power_rail,horizontal,49,50,bottom_pos_48
bottom_neg_00,power_rail,bottom_neg,0,0,0,135.887,771.549,202.005,1117.116,12.753,power_rail_bottom_neg,horizontal_power_rail,horizontal,0,50,bottom_neg_01
bottom_neg_01,power_rail,bottom_neg,1,0,1,172.841,771.549,241.408,1116.835,14.16,power_rail_bottom_neg,horizontal_power_rail,horizontal,1,50,bottom_neg_00;bottom_neg_02
bottom_neg_02,power_rail,bottom_neg,2,0,2,209.794,771.549,280.702,1116.554,22.901,power_rail_bottom_neg,horizontal_power_rail,horizontal,2,50,bottom_neg_01;bottom_neg_03
bottom_neg_03,power_rail,bottom_neg,3,0,3,246.747,771.549,319.888,1116.274,24.815,power_rail_bottom_neg,horizontal_power_rail,horizontal,3,50,bottom_neg_02;bottom_neg_04
bottom_neg_04,power_rail,bottom_neg,4,0,4,283.7,771.549,358.967,1115.995,31.802,power_rail_bottom_neg,horizontal_power_rail,horizontal,4,50,bottom_neg_03;bottom_neg_05
bottom_neg_05,power_rail,bottom_neg,5,1,0,357.607,771.549,436.804,1115.439,39.173,power_rail_bottom_neg,horizontal_power_rail,horizontal,5,50,bottom_neg_04;bottom_neg_06
bottom_neg_06,power_rail,bottom_neg,6,1,1,394.56,771.549,475.563,1115.162,59.778,power_rail_bottom_neg,horizontal_power_rail,horizontal,6,50,bottom_neg_05;bottom_neg_07
bottom_neg_07,power_rail,bottom_neg,7,1,2,431.513,771.549,514.216,1114.886,64.79,power_rail_bottom_neg,horizontal_power_rail,horizontal,7,50,bottom_neg_06;bottom_neg_08
bottom_neg_08,power_rail,bottom_neg,8,1,3,468.467,771.549,552.764,1114.61,80.469,power_rail_bottom_neg,horizontal_power_rail,horizontal,8,50,bottom_neg_07;bottom_neg_09
bottom_neg_09,power_rail,bottom_neg,9,1,4,505.42,771.549,591.208,1114.336,93.556,power_rail_bottom_neg,horizontal_power_rail,horizontal,9,50,bottom_neg_08;bottom_neg_10
bottom_neg_10,power_rail,bottom_neg,10,2,0,579.326,771.549,667.781,1113.789,108.062,power_rail_bottom_neg,horizontal_power_rail,horizontal,10,50,bottom_neg_09;bottom_neg_11
bottom_neg_11,power_rail,bottom_neg,11,2,1,616.28,771.549,705.912,1113.516,119.358,power_rail_bottom_neg,horizontal_power_rail,horizontal,11,50,bottom_neg_10;bottom_neg_12
bottom_neg_12,power_rail,bottom_neg,12,2,2,653.233,771.549,743.941,1113.245,123.926,power_rail_bottom_neg,horizontal_power_rail,horizontal,12,50,bottom_neg_11;bottom_neg_13
bottom_neg_13,power_rail,bottom_neg,13,2,3,690.186,771.549,781.866,1112.974,121.037,power_rail_bottom_neg,horizontal_power_rail,horizontal,13,50,bottom_neg_12;bottom_neg_14
bottom_neg_14,power_rail,bottom_neg,14,2,4,727.139,771.549,819.689,1112.703,117.716,power_rail_bottom_neg,horizontal_power_rail,horizontal,14,50,bottom_neg_13;bottom_neg_15
bottom_neg_15,power_rail,bottom_neg,15,3,0,801.046,771.549,895.03,1112.165,101.049,power_rail_bottom_neg,horizontal_power_rail,horizontal,15,50,bottom_neg_14;bottom_neg_16
bottom_neg_16,power_rail,bottom_neg,16,3,1,837.999,771.549,932.548,1111.897,110.642,power_rail_bottom_neg,horizontal_power_rail,horizontal,16,50,bottom_neg_15;bottom_neg_17
bottom_neg_17,power_rail,bottom_neg,17,3,2,874.952,771.549,969.966,1111.63,106.815,power_rail_bottom_neg,horizontal_power_rail,horizontal,17,50,bottom_neg_16;bottom_neg_18
bottom_neg_18,power_rail,bottom_neg,18,3,3,911.906,771.549,1007.284,1111.363,99.531,power_rail_bottom_neg,horizontal_power_rail,horizontal,18,50,bottom_neg_17;bottom_neg_19
bottom_neg_19,power_rail,bottom_neg,19,3,4,948.859,771.549,1044.502,1111.098,95.358,power_rail_bottom_neg,horizontal_power_rail,horizontal,19,50,bottom_neg_18;bottom_neg_20
bottom_neg_20,power_rail,bottom_neg,20,4,0,1022.765,771.549,1118.639,1110.568,101.21,power_rail_bottom_neg,horizontal_power_rail,horizontal,20,50,bottom_neg_19;bottom_neg_21
bottom_neg_21,power_rail,bottom_neg,21,4,1,1059.719,771.549,1155.56,1110.304,98.654,power_rail_bottom_neg,horizontal_power_rail,horizontal,21,50,bottom_neg_20;bottom_neg_22
bottom_neg_22,power_rail,bottom_neg,22,4,2,1096.672,771.549,1192.382,1110.041,89.259,power_rail_bottom_neg,horizontal_power_rail,horizontal,22,50,bottom_neg_21;bottom_neg_23
bottom_neg_23,power_rail,bottom_neg,23,4,3,1133.625,771.549,1229.106,1109.779,86.58,power_rail_bottom_neg,horizontal_power_rail,horizontal,23,50,bottom_neg_22;bottom_neg_24
bottom_neg_24,power_rail,bottom_neg,24,4,4,1170.578,771.549,1265.733,1109.517,79.531,power_rail_bottom_neg,horizontal_power_rail,horizontal,24,50,bottom_neg_23;bottom_neg_25
bottom_neg_25,power_rail,bottom_neg,25,5,0,1244.485,771.549,1338.696,1108.996,82.247,power_rail_bottom_neg,horizontal_power_rail,horizontal,25,50,bottom_neg_24;bottom_neg_26
bottom_neg_26,power_rail,bottom_neg,26,5,1,1281.438,771.549,1375.033,1108.736,80.778,power_rail_bottom_neg,horizontal_power_rail,horizontal,26,50,bottom_neg_25;bottom_neg_27
bottom_neg_27,power_rail,bottom_neg,27,5,2,1318.392,771.549,1411.273,1108.477,74.543,power_rail_bottom_neg,horizontal_power_rail,horizontal,27,50,bottom_neg_26;bottom_neg_28
bottom_neg_28,power_rail,bottom_neg,28,5,3,1355.345,771.549,1447.418,1108.219,69.568,power_rail_bottom_neg,horizontal_power_rail,horizontal,28,50,bottom_neg_27;bottom_neg_29
bottom_neg_29,power_rail,bottom_neg,29,5,4,1392.298,771.549,1483.468,1107.962,64.926,power_rail_bottom_neg,horizontal_power_rail,horizontal,29,50,bottom_neg_28;bottom_neg_30
bottom_neg_30,power_rail,bottom_neg,30,6,0,1466.205,771.549,1555.284,1107.449,65.568,power_rail_bottom_neg,horizontal_power_rail,horizontal,30,50,bottom_neg_29;bottom_neg_31
bottom_neg_31,power_rail,bottom_neg,31,6,1,1503.158,771.549,1591.051,1107.193,59.247,power_rail_bottom_neg,horizontal_power_rail,horizontal,31,50,bottom_neg_30;bottom_neg_32
bottom_neg_32,power_rail,bottom_neg,32,6,2,1540.111,771.549,1626.724,1106.938,60.296,power_rail_bottom_neg,horizontal_power_rail,horizontal,32,50,bottom_neg_31;bottom_neg_33
bottom_neg_33,power_rail,bottom_neg,33,6,3,1577.064,771.549,1662.303,1106.684,60.321,power_rail_bottom_neg,horizontal_power_rail,horizontal,33,50,bottom_neg_32;bottom_neg_34
bottom_neg_34,power_rail,bottom_neg,34,6,4,1614.018,771.549,1697.79,1106.431,50.667,power_rail_bottom_neg,horizontal_power_rail,horizontal,34,50,bottom_neg_33;bottom_neg_35
bottom_neg_35,power_rail,bottom_neg,35,7,0,1687.924,771.549,1768.485,1105.926,62.679,power_rail_bottom_neg,horizontal_power_rail,horizontal,35,50,bottom_neg_34;bottom_neg_36
bottom_neg_36,power_rail,bottom_neg,36,7,1,1724.877,771.549,1803.695,1105.674,62.284,power_rail_bottom_neg,horizontal_power_rail,horizontal,36,50,bottom_neg_35;bottom_neg_37
bottom_neg_37,power_rail,bottom_neg,37,7,2,1761.831,771.549,1838.813,1105.423,55.901,power_rail_bottom_neg,horizontal_power_rail,horizontal,37,50,bottom_neg_36;bottom_neg_38
bottom_neg_38,power_rail,bottom_neg,38,7,3,1798.784,771.549,1873.84,1105.173,50.296,power_rail_bottom_neg,horizontal_power_rail,horizontal,38,50,bottom_neg_37;bottom_neg_39
bottom_neg_39,power_rail,bottom_neg,39,7,4,1835.737,771.549,1908.776,1104.923,39.568,power_rail_bottom_neg,horizontal_power_rail,horizontal,39,50,bottom_neg_38;bottom_neg_40
bottom_neg_40,power_rail,bottom_neg,40,8,0,1909.644,771.549,1978.378,1104.426,45.444,power_rail_bottom_neg,horizontal_power_rail,horizontal,40,50,bottom_neg_39;bottom_neg_41
bottom_neg_41,power_rail,bottom_neg,41,8,1,1946.597,771.549,2013.044,1104.178,42.049,power_rail_bottom_neg,horizontal_power_rail,horizontal,41,50,bottom_neg_40;bottom_neg_42
bottom_neg_42,power_rail,bottom_neg,42,8,2,1983.55,771.549,2047.62,1103.931,31.543,power_rail_bottom_neg,horizontal_power_rail,horizontal,42,50,bottom_neg_41;bottom_neg_43
bottom_neg_43,power_rail,bottom_neg,43,8,3,2020.503,771.549,2082.108,1103.685,27.531,power_rail_bottom_neg,horizontal_power_rail,horizontal,43,50,bottom_neg_42;bottom_neg_44
bottom_neg_44,power_rail,bottom_neg,44,8,4,2057.457,771.549,2116.506,1103.439,18.272,power_rail_bottom_neg,horizontal_power_rail,horizontal,44,50,bottom_neg_43;bottom_neg_45
bottom_neg_45,power_rail,bottom_neg,45,9,0,2131.363,771.549,2185.039,1102.95,28.914,power_rail_bottom_neg,horizontal_power_rail,horizontal,45,50,bottom_neg_44;bottom_neg_46
bottom_neg_46,power_rail,bottom_neg,46,9,1,2168.316,771.549,2219.173,1102.706,21.346,power_rail_bottom_neg,horizontal_power_rail,horizontal,46,50,bottom_neg_45;bottom_neg_47
bottom_neg_47,power_rail,bottom_neg,47,9,2,2205.27,771.549,2253.22,1102.463,12.667,power_rail_bottom_neg,horizontal_power_rail,horizontal,47,50,bottom_neg_46;bottom_neg_48
bottom_neg_48,power_rail,bottom_neg,48,9,3,2242.223,771.549,2287.18,1102.22,6.0,power_rail_bottom_neg,horizontal_power_rail,horizontal,48,50,bottom_neg_47;bottom_neg_49
bottom_neg_49,power_rail,bottom_neg,49,9,4,2279.176,771.549,2321.054,1101.978,3.173,power_rail_bottom_neg,horizontal_power_rail,horizontal,49,50,bottom_neg_48
