id,section,row,column,group,group_index,x_warp,y_warp,x_image,y_image,visible_score,connection_name,connection_type,connection_axis,connection_index,connection_member_count,adjacent_connected_ids
A00,terminal_upper,A,0,,,61.236,216.723,71.095,351.034,60.21,terminal_upper_col_00,vertical_terminal_strip,vertical,0,5,B00
A01,terminal_upper,A,1,,,99.268,216.723,111.923,350.53,61.086,terminal_upper_col_01,vertical_terminal_strip,vertical,0,5,B01
A02,terminal_upper,A,2,,,137.301,216.723,152.651,350.028,57.63,terminal_upper_col_02,vertical_terminal_strip,vertical,0,5,B02
A03,terminal_upper,A,3,,,175.333,216.723,193.279,349.527,58.728,terminal_upper_col_03,vertical_terminal_strip,vertical,0,5,B03
A04,terminal_upper,A,4,,,213.366,216.723,233.807,349.027,74.531,terminal_upper_col_04,vertical_terminal_strip,vertical,0,5,B04
A05,terminal_upper,A,5,,,251.398,216.723,274.237,348.528,67.901,terminal_upper_col_05,vertical_terminal_strip,vertical,0,5,B05
A06,terminal_upper,A,6,,,289.431,216.723,314.567,348.03,81.025,terminal_upper_col_06,vertical_terminal_strip,vertical,0,5,B06
A07,terminal_upper,A,7,,,327.463,216.723,354.799,347.534,72.58,terminal_upper_col_07,vertical_terminal_strip,vertical,0,5,B07
A08,terminal_upper,A,8,,,365.496,216.723,394.933,347.039,93.963,terminal_upper_col_08,vertical_terminal_strip,vertical,0,5,B08
A09,terminal_upper,A,9,,,403.528,216.723,434.97,346.545,100.704,terminal_upper_col_09,vertical_terminal_strip,vertical,0,5,B09
A10,terminal_upper,A,10,,,441.561,216.723,474.909,346.052,110.37,terminal_upper_col_10,vertical_terminal_strip,vertical,0,5,B10
A11,terminal_upper,A,11,,,479.593,216.723,514.751,345.561,102.407,terminal_upper_col_11,vertical_terminal_strip,vertical,0,5,B11
A12,terminal_upper,A,12,,,517.626,216.723,554.497,345.07,83.988,terminal_upper_col_12,vertical_terminal_strip,vertical,0,5,B12
A13,terminal_upper,A,13,,,555.658,216.723,594.146,344.581,132.259,terminal_upper_col_13,vertical_terminal_strip,vertical,0,5,B13
A14,terminal_upper,A,14,,,593.691,216.723,633.7,344.093,113.494,terminal_upper_col_14,vertical_terminal_strip,vertical,0,5,B14
A15,terminal_upper,A,15,,,631.723,216.723,673.158,343.606,128.765,terminal_upper_col_15,vertical_terminal_strip,vertical,0,5,B15
A16,terminal_upper,A,16,,,669.756,216.723,712.52,343.121,149.099,terminal_upper_col_16,vertical_terminal_strip,vertical,0,5,B16
A17,terminal_upper,A,17,,,707.788,216.723,751.788,342.636,147.617,terminal_upper_col_17,vertical_terminal_strip,vertical,0,5,B17
A18,terminal_upper,A,18,,,745.821,216.723,790.961,342.153,151.16,terminal_upper_col_18,vertical_terminal_strip,vertical,0,5,B18
A19,terminal_upper,A,19,,,783.853,216.723,830.041,341.671,153.099,terminal_upper_col_19,vertical_terminal_strip,vertical,0,5,B19
A20,terminal_upper,A,20,,,821.886,216.723,869.026,341.19,159.531,terminal_upper_col_20,vertical_terminal_strip,vertical,0,5,B20
A21,terminal_upper,A,21,,,859.918,216.723,907.918,340.71,146.642,terminal_upper_col_21,vertical_terminal_strip,vertical,0,5,B21
A22,terminal_upper,A,22,,,897.951,216.723,946.716,340.231,149.247,terminal_upper_col_22,vertical_terminal_strip,vertical,0,5,B22
A23,terminal_upper,A,23,,,935.983,216.723,985.422,339.754,150.704,terminal_upper_col_23,vertical_terminal_strip,vertical,0,5,B23
A24,terminal_upper,A,24,,,974.016,216.723,1024.035,339.277,135.235,terminal_upper_col_24,vertical_terminal_strip,vertical,0,5,B24
A25,terminal_upper,A,25,,,1012.048,216.723,1062.557,338.802,142.111,terminal_upper_col_25,vertical_terminal_strip,vertical,0,5,B25
A26,terminal_upper,A,26,,,1050.081,216.723,1100.986,338.328,141.519,terminal_upper_col_26,vertical_terminal_strip,vertical,0,5,B26
A27,terminal_upper,A,27,,,1088.113,216.723,1139.324,337.855,128.704,terminal_upper_col_27,vertical_terminal_strip,vertical,0,5,B27
A28,terminal_upper,A,28,,,1126.146,216.723,1177.57,337.383,138.395,terminal_upper_col_28,vertical_terminal_strip,vertical,0,5,B28
A29,terminal_upper,A,29,,,1164.178,216.723,1215.726,336.912,149.63,terminal_upper_col_29,vertical_terminal_strip,vertical,0,5,B29
A30,terminal_upper,A,30,,,1202.211,216.723,1253.791,336.443,142.889,terminal_upper_col_30,vertical_terminal_strip,vertical,0,5,B30
A31,terminal_upper,A,31,,,1240.243,216.723,1291.766,335.974,137.469,terminal_upper_col_31,vertical_terminal_strip,vertical,0,5,B31
A32,terminal_upper,A,32,,,1278.276,216.723,1329.651,335.507,123.691,terminal_upper_col_32,vertical_terminal_strip,vertical,0,5,B32
A33,terminal_upper,A,33,,,1316.308,216.723,1367.447,335.041,118.58,terminal_upper_col_33,vertical_terminal_strip,vertical,0,5,B33
A34,terminal_upper,A,34,,,1354.341,216.723,1405.153,334.575,147.074,terminal_upper_col_34,vertical_terminal_strip,vertical,0,5,B34
A35,terminal_upper,A,35,,,1392.373,216.723,1442.77,334.111,127.198,terminal_upper_col_35,vertical_terminal_strip,vertical,0,5,B35
A36,terminal_upper,A,36,,,1430.406,216.723,1480.299,333.648,119.407,terminal_upper_col_36,vertical_terminal_strip,vertical,0,5,B36
A37,terminal_upper,A,37,,,1468.438,216.723,1517.739,333.186,105.568,terminal_upper_col_37,vertical_terminal_strip,vertical,0,5,B37
A38,terminal_upper,A,38,,,1506.471,216.723,1555.092,332.726,121.296,terminal_upper_col_38,vertical_terminal_strip,vertical,0,5,B38
A39,terminal_upper,A,39,,,1544.503,216.723,1592.356,332.266,93.062,terminal_upper_col_39,vertical_terminal_strip,vertical,0,5,B39
A40,terminal_upper,A,40,,,1582.536,216.723,1629.534,331.807,85.704,terminal_upper_col_40,vertical_terminal_strip,vertical,0,5,B40
A41,terminal_upper,A,41,,,1620.568,216.723,1666.624,331.35,77.074,terminal_upper_col_41,vertical_terminal_strip,vertical,0,5,B41
A42,terminal_upper,A,42,,,1658.601,216.723,1703.627,330.893,70.741,terminal_upper_col_42,vertical_terminal_strip,vertical,0,5,B42
A43,terminal_upper,A,43,,,1696.633,216.723,1740.544,330.438,65.988,terminal_upper_col_43,vertical_terminal_strip,vertical,0,5,B43
A44,terminal_upper,A,44,,,1734.666,216.723,1777.375,329.983,71.136,terminal_upper_col_44,vertical_terminal_strip,vertical,0,5,B44
A45,terminal_upper,A,45,,,1772.698,216.723,1814.12,329.53,59.716,terminal_upper_col_45,vertical_terminal_strip,vertical,0,5,B45
A46,terminal_upper,A,46,,,1810.731,216.723,1850.779,329.078,59.741,terminal_upper_col_46,vertical_terminal_strip,vertical,0,5,B46
A47,terminal_upper,A,47,,,1848.763,216.723,1887.353,328.626,52.148,terminal_upper_col_47,vertical_terminal_strip,vertical,0,5,B47
A48,terminal_upper,A,48,,,1886.796,216.723,1923.842,328.176,45.951,terminal_upper_col_48,vertical_terminal_strip,vertical,0,5,B48
A49,terminal_upper,A,49,,,1924.828,216.723,1960.247,327.727,48.494,terminal_upper_col_49,vertical_terminal_strip,vertical,0,5,B49
A50,terminal_upper,A,50,,,1962.861,216.723,1996.567,327.279,34.704,terminal_upper_col_50,vertical_terminal_strip,vertical,0,5,B50
A51,terminal_upper,A,51,,,2000.893,216.723,2032.803,326.832,38.914,terminal_upper_col_51,vertical_terminal_strip,vertical,0,5,B51
A52,terminal_upper,A,52,,,2038.926,216.723,2068.955,326.386,44.0,terminal_upper_col_52,vertical_terminal_strip,vertical,0,5,B52
A53,terminal_upper,A,53,,,2076.958,216.723,2105.024,325.941,44.556,terminal_upper_col_53,vertical_terminal_strip,vertical,0,5,B53
A54,terminal_upper,A,54,,,2114.991,216.723,2141.009,325.497,34.827,terminal_upper_col_54,vertical_terminal_strip,vertical,0,5,B54
A55,terminal_upper,A,55,,,2153.023,216.723,2176.912,325.054,31.111,terminal_upper_col_55,vertical_terminal_strip,vertical,0,5,B55
A56,terminal_upper,A,56,,,2191.056,216.723,2212.732,324.612,32.358,terminal_upper_col_56,vertical_terminal_strip,vertical,0,5,B56
A57,terminal_upper,A,57,,,2229.088,216.723,2248.469,324.171,26.543,terminal_upper_col_57,vertical_terminal_strip,vertical,0,5,B57
A58,terminal_upper,A,58,,,2267.121,216.723,2284.125,323.731,25.222,terminal_upper_col_58,vertical_terminal_strip,vertical,0,5,B58
A59,terminal_upper,A,59,,,2305.153,216.723,2319.698,323.293,24.79,terminal_upper_col_59,vertical_terminal_strip,vertical,0,5,B59
A60,terminal_upper,A,60,,,2343.186,216.723,2355.19,322.855,22.531,terminal_upper_col_60,vertical_terminal_strip,vertical,0,5,B60
A61,terminal_upper,A,61,,,2381.218,216.723,2390.601,322.418,16.481,terminal_upper_col_61,vertical_terminal_strip,vertical,0,5,B61
A62,terminal_upper,A,62,,,2419.251,216.723,2425.932,321.982,13.79,terminal_upper_col_62,vertical_terminal_strip,vertical,0,5,B62
B00,terminal_upper,B,0,,,61.236,256.527,72.02,390.915,69.988,terminal_upper_col_00,vertical_terminal_strip,vertical,1,5,A00;C00
B01,terminal_upper,B,1,,,99.268,256.527,112.836,390.363,68.062,terminal_upper_col_01,vertical_terminal_strip,vertical,1,5,A01;C01
B02,terminal_upper,B,2,,,137.301,256.527,153.552,389.812,59.778,terminal_upper_col_02,vertical_terminal_strip,vertical,1,5,A02;C02
B03,terminal_upper,B,3,,,175.333,256.527,194.168,389.262,61.704,terminal_upper_col_03,vertical_terminal_strip,vertical,1,5,A03;C03
B04,terminal_upper,B,4,,,213.366,256.527,234.684,388.713,77.309,terminal_upper_col_04,vertical_terminal_strip,vertical,1,5,A04;C04
B05,terminal_upper,B,5,,,251.398,256.527,275.102,388.166,66.963,terminal_upper_col_05,vertical_terminal_strip,vertical,1,5,A05;C05
B06,terminal_upper,B,6,,,289.431,256.527,315.421,387.62,83.926,terminal_upper_col_06,vertical_terminal_strip,vertical,1,5,A06;C06
B07,terminal_upper,B,7,,,327.463,256.527,355.642,387.076,79.025,terminal_upper_col_07,vertical_terminal_strip,vertical,1,5,A07;C07
B08,terminal_upper,B,8,,,365.496,256.527,395.764,386.533,102.963,terminal_upper_col_08,vertical_terminal_strip,vertical,1,5,A08;C08
B09,terminal_upper,B,9,,,403.528,256.527,435.789,385.991,101.914,terminal_upper_col_09,vertical_terminal_strip,vertical,1,5,A09;C09
B10,terminal_upper,B,10,,,441.561,256.527,475.717,385.45,112.79,terminal_upper_col_10,vertical_terminal_strip,vertical,1,5,A10;C10
B11,terminal_upper,B,11,,,479.593,256.527,515.548,384.911,94.642,terminal_upper_col_11,vertical_terminal_strip,vertical,1,5,A11;C11
B12,terminal_upper,B,12,,,517.626,256.527,555.282,384.373,70.21,terminal_upper_col_12,vertical_terminal_strip,vertical,1,5,A12;C12
B13,terminal_upper,B,13,,,555.658,256.527,594.92,383.836,134.494,terminal_upper_col_13,vertical_terminal_strip,vertical,1,5,A13;C13
B14,terminal_upper,B,14,,,593.691,256.527,634.463,383.301,116.383,terminal_upper_col_14,vertical_terminal_strip,vertical,1,5,A14;C14
B15,terminal_upper,B,15,,,631.723,256.527,673.909,382.767,112.198,terminal_upper_col_15,vertical_terminal_strip,vertical,1,5,A15;C15
B16,terminal_upper,B,16,,,669.756,256.527,713.261,382.234,145.519,terminal_upper_col_16,vertical_terminal_strip,vertical,1,5,A16;C16
B17,terminal_upper,B,17,,,707.788,256.527,752.518,381.703,145.333,terminal_upper_col_17,vertical_terminal_strip,vertical,1,5,A17;C17
B18,terminal_upper,B,18,,,745.821,256.527,791.68,381.173,154.506,terminal_upper_col_18,vertical_terminal_strip,vertical,1,5,A18;C18
B19,terminal_upper,B,19,,,783.853,256.527,830.748,380.644,152.309,terminal_upper_col_19,vertical_terminal_strip,vertical,1,5,A19;C19
B20,terminal_upper,B,20,,,821.886,256.527,869.723,380.116,160.099,terminal_upper_col_20,vertical_terminal_strip,vertical,1,5,A20;C20
B21,terminal_upper,B,21,,,859.918,256.527,908.604,379.59,150.741,terminal_upper_col_21,vertical_terminal_strip,vertical,1,5,A21;C21
B22,terminal_upper,B,22,,,897.951,256.527,947.392,379.065,162.667,terminal_upper_col_22,vertical_terminal_strip,vertical,1,5,A22;C22
B23,terminal_upper,B,23,,,935.983,256.527,986.087,378.541,143.346,terminal_upper_col_23,vertical_terminal_strip,vertical,1,5,A23;C23
B24,terminal_upper,B,24,,,974.016,256.527,1024.689,378.018,139.049,terminal_upper_col_24,vertical_terminal_strip,vertical,1,5,A24;C24
B25,terminal_upper,B,25,,,1012.048,256.527,1063.2,377.497,145.802,terminal_upper_col_25,vertical_terminal_strip,vertical,1,5,A25;C25
B26,terminal_upper,B,26,,,1050.081,256.527,1101.618,376.977,146.593,terminal_upper_col_26,vertical_terminal_strip,vertical,1,5,A26;C26
B27,terminal_upper,B,27,,,1088.113,256.527,1139.946,376.458,122.173,terminal_upper_col_27,vertical_terminal_strip,vertical,1,5,A27;C27
B28,terminal_upper,B,28,,,1126.146,256.527,1178.182,375.94,152.815,terminal_upper_col_28,vertical_terminal_strip,vertical,1,5,A28;C28
B29,terminal_upper,B,29,,,1164.178,256.527,1216.327,375.424,162.037,terminal_upper_col_29,vertical_terminal_strip,vertical,1,5,A29;C29
B30,terminal_upper,B,30,,,1202.211,256.527,1254.382,374.909,147.481,terminal_upper_col_30,vertical_terminal_strip,vertical,1,5,A30;C30
B31,terminal_upper,B,31,,,1240.243,256.527,1292.346,374.395,124.679,terminal_upper_col_31,vertical_terminal_strip,vertical,1,5,A31;C31
B32,terminal_upper,B,32,,,1278.276,256.527,1330.221,373.882,136.086,terminal_upper_col_32,vertical_terminal_strip,vertical,1,5,A32;C32
B33,terminal_upper,B,33,,,1316.308,256.527,1368.006,373.371,133.049,terminal_upper_col_33,vertical_terminal_strip,vertical,1,5,A33;C33
B34,terminal_upper,B,34,,,1354.341,256.527,1405.702,372.86,133.062,terminal_upper_col_34,vertical_terminal_strip,vertical,1,5,A34;C34
B35,terminal_upper,B,35,,,1392.373,256.527,1443.31,372.351,128.815,terminal_upper_col_35,vertical_terminal_strip,vertical,1,5,A35;C35
B36,terminal_upper,B,36,,,1430.406,256.527,1480.828,371.843,125.815,terminal_upper_col_36,vertical_terminal_strip,vertical,1,5,A36;C36
B37,terminal_upper,B,37,,,1468.438,256.527,1518.258,371.336,104.42,terminal_upper_col_37,vertical_terminal_strip,vertical,1,5,A37;C37
B38,terminal_upper,B,38,,,1506.471,256.527,1555.601,370.831,118.543,terminal_upper_col_38,vertical_terminal_strip,vertical,1,5,A38;C38
B39,terminal_upper,B,39,,,1544.503,256.527,1592.855,370.327,97.679,terminal_upper_col_39,vertical_terminal_strip,vertical,1,5,A39;C39
B40,terminal_upper,B,40,,,1582.536,256.527,1630.023,369.823,92.16,terminal_upper_col_40,vertical_terminal_strip,vertical,1,5,A40;C40
B41,terminal_upper,B,41,,,1620.568,256.527,1667.103,369.321,94.815,terminal_upper_col_41,vertical_terminal_strip,vertical,1,5,A41;C41
B42,terminal_upper,B,42,,,1658.601,256.527,1704.097,368.821,69.173,terminal_upper_col_42,vertical_terminal_strip,vertical,1,5,A42;C42
B43,terminal_upper,B,43,,,1696.633,256.527,1741.004,368.321,65.728,terminal_upper_col_43,vertical_terminal_strip,vertical,1,5,A43;C43
B44,terminal_upper,B,44,,,1734.666,256.527,1777.825,367.822,75.667,terminal_upper_col_44,vertical_terminal_strip,vertical,1,5,A44;C44
B45,terminal_upper,B,45,,,1772.698,256.527,1814.56,367.325,59.617,terminal_upper_col_45,vertical_terminal_strip,vertical,1,5,A45;C45
B46,terminal_upper,B,46,,,1810.731,256.527,1851.21,366.829,61.099,terminal_upper_col_46,vertical_terminal_strip,vertical,1,5,A46;C46
B47,terminal_upper,B,47,,,1848.763,256.527,1887.774,366.334,51.802,terminal_upper_col_47,vertical_terminal_strip,vertical,1,5,A47;C47
B48,terminal_upper,B,48,,,1886.796,256.527,1924.254,365.84,51.173,terminal_upper_col_48,vertical_terminal_strip,vertical,1,5,A48;C48
B49,terminal_upper,B,49,,,1924.828,256.527,1960.649,365.347,48.235,terminal_upper_col_49,vertical_terminal_strip,vertical,1,5,A49;C49
B50,terminal_upper,B,50,,,1962.861,256.527,1996.959,364.856,37.815,terminal_upper_col_50,vertical_terminal_strip,vertical,1,5,A50;C50
B51,terminal_upper,B,51,,,2000.893,256.527,2033.186,364.365,42.235,terminal_upper_col_51,vertical_terminal_strip,vertical,1,5,A51;C51
B52,terminal_upper,B,52,,,2038.926,256.527,2069.329,363.876,46.531,terminal_upper_col_52,vertical_terminal_strip,vertical,1,5,A52;C52
B53,terminal_upper,B,53,,,2076.958,256.527,2105.388,363.388,43.383,terminal_upper_col_53,vertical_terminal_strip,vertical,1,5,A53;C53
B54,terminal_upper,B,54,,,2114.991,256.527,2141.364,362.901,37.605,terminal_upper_col_54,vertical_terminal_strip,vertical,1,5,A54;C54
B55,terminal_upper,B,55,,,2153.023,256.527,2177.257,362.415,32.617,terminal_upper_col_55,vertical_terminal_strip,vertical,1,5,A55;C55
B56,terminal_upper,B,56,,,2191.056,256.527,2213.068,361.93,36.877,terminal_upper_col_56,vertical_terminal_strip,vertical,1,5,A56;C56
B57,terminal_upper,B,57,,,2229.088,256.527,2248.796,361.447,32.568,terminal_upper_col_57,vertical_terminal_strip,vertical,1,5,A57;C57
B58,terminal_upper,B,58,,,2267.121,256.527,2284.443,360.964,32.827,terminal_upper_col_58,vertical_terminal_strip,vertical,1,5,A58;C58
B59,terminal_upper,B,59,,,2305.153,256.527,2320.007,360.483,26.346,terminal_upper_col_59,vertical_terminal_strip,vertical,1,5,A59;C59
B60,terminal_upper,B,60,,,2343.186,256.527,2355.49,360.002,24.309,terminal_upper_col_60,vertical_terminal_strip,vertical,1,5,A60;C60
B61,terminal_upper,B,61,,,2381.218,256.527,2390.892,359.523,20.42,terminal_upper_col_61,vertical_terminal_strip,vertical,1,5,A61;C61
B62,terminal_upper,B,62,,,2419.251,256.527,2426.213,359.045,14.815,terminal_upper_col_62,vertical_terminal_strip,vertical,1,5,A62;C62
C00,terminal_upper,C,0,,,61.236,296.33,72.944,430.776,59.247,terminal_upper_col_00,vertical_terminal_strip,vertical,2,5,B00;D00
C01,terminal_upper,C,1,,,99.268,296.33,113.748,430.174,62.852,terminal_upper_col_01,vertical_terminal_strip,vertical,2,5,B01;D01
C02,terminal_upper,C,2,,,137.301,296.33,154.452,429.574,63.321,terminal_upper_col_02,vertical_terminal_strip,vertical,2,5,B02;D02
C03,terminal_upper,C,3,,,175.333,296.33,195.056,428.976,59.222,terminal_upper_col_03,vertical_terminal_strip,vertical,2,5,B03;D03
C04,terminal_upper,C,4,,,213.366,296.33,235.561,428.379,87.716,terminal_upper_col_04,vertical_terminal_strip,vertical,2,5,B04;D04
C05,terminal_upper,C,5,,,251.398,296.33,275.967,427.783,58.877,terminal_upper_col_05,vertical_terminal_strip,vertical,2,5,B05;D05
C06,terminal_upper,C,6,,,289.431,296.33,316.275,427.189,84.136,terminal_upper_col_06,vertical_terminal_strip,vertical,2,5,B06;D06
C07,terminal_upper,C,7,,,327.463,296.33,356.484,426.597,74.852,terminal_upper_col_07,vertical_terminal_strip,vertical,2,5,B07;D07
C08,terminal_upper,C,8,,,365.496,296.33,396.595,426.006,103.296,terminal_upper_col_08,vertical_terminal_strip,vertical,2,5,B08;D08
C09,terminal_upper,C,9,,,403.528,296.33,436.608,425.416,106.012,terminal_upper_col_09,vertical_terminal_strip,vertical,2,5,B09;D09
C10,terminal_upper,C,10,,,441.561,296.33,476.525,424.828,115.667,terminal_upper_col_10,vertical_terminal_strip,vertical,2,5,B10;D10
C11,terminal_upper,C,11,,,479.593,296.33,516.344,424.241,100.37,terminal_upper_col_11,vertical_terminal_strip,vertical,2,5,B11;D11
C12,terminal_upper,C,12,,,517.626,296.33,556.067,423.655,86.321,terminal_upper_col_12,vertical_terminal_strip,vertical,2,5,B12;D12
C13,terminal_upper,C,13,,,555.658,296.33,595.694,423.071,147.901,terminal_upper_col_13,vertical_terminal_strip,vertical,2,5,B13;D13
C14,terminal_upper,C,14,,,593.691,296.33,635.225,422.489,120.765,terminal_upper_col_14,vertical_terminal_strip,vertical,2,5,B14;D14
C15,terminal_upper,C,15,,,631.723,296.33,674.661,421.908,120.877,terminal_upper_col_15,vertical_terminal_strip,vertical,2,5,B15;D15
C16,terminal_upper,C,16,,,669.756,296.33,714.001,421.328,143.358,terminal_upper_col_16,vertical_terminal_strip,vertical,2,5,B16;D16
C17,terminal_upper,C,17,,,707.788,296.33,753.247,420.749,152.605,terminal_upper_col_17,vertical_terminal_strip,vertical,2,5,B17;D17
C18,terminal_upper,C,18,,,745.821,296.33,792.398,420.172,166.617,terminal_upper_col_18,vertical_terminal_strip,vertical,2,5,B18;D18
C19,terminal_upper,C,19,,,783.853,296.33,831.456,419.597,153.395,terminal_upper_col_19,vertical_terminal_strip,vertical,2,5,B19;D19
C20,terminal_upper,C,20,,,821.886,296.33,870.419,419.023,156.63,terminal_upper_col_20,vertical_terminal_strip,vertical,2,5,B20;D20
C21,terminal_upper,C,21,,,859.918,296.33,909.289,418.45,158.025,terminal_upper_col_21,vertical_terminal_strip,vertical,2,5,B21;D21
C22,terminal_upper,C,22,,,897.951,296.33,948.066,417.878,158.802,terminal_upper_col_22,vertical_terminal_strip,vertical,2,5,B22;D22
C23,terminal_upper,C,23,,,935.983,296.33,986.751,417.308,136.568,terminal_upper_col_23,vertical_terminal_strip,vertical,2,5,B23;D23
C24,terminal_upper,C,24,,,974.016,296.33,1025.343,416.739,132.617,terminal_upper_col_24,vertical_terminal_strip,vertical,2,5,B24;D24
C25,terminal_upper,C,25,,,1012.048,296.33,1063.843,416.172,137.259,terminal_upper_col_25,vertical_terminal_strip,vertical,2,5,B25;D25
C26,terminal_upper,C,26,,,1050.081,296.33,1102.251,415.606,140.296,terminal_upper_col_26,vertical_terminal_strip,vertical,2,5,B26;D26
C27,terminal_upper,C,27,,,1088.113,296.33,1140.567,415.041,116.185,terminal_upper_col_27,vertical_terminal_strip,vertical,2,5,B27;D27
C28,terminal_upper,C,28,,,1126.146,296.33,1178.793,414.478,134.864,terminal_upper_col_28,vertical_terminal_strip,vertical,2,5,B28;D28
C29,terminal_upper,C,29,,,1164.178,296.33,1216.928,413.916,150.111,terminal_upper_col_29,vertical_terminal_strip,vertical,2,5,B29;D29
C30,terminal_upper,C,30,,,1202.211,296.33,1254.972,413.355,143.469,terminal_upper_col_30,vertical_terminal_strip,vertical,2,5,B30;D30
C31,terminal_upper,C,31,,,1240.243,296.33,1292.927,412.796,116.037,terminal_upper_col_31,vertical_terminal_strip,vertical,2,5,B31;D31
C32,terminal_upper,C,32,,,1278.276,296.33,1330.791,412.238,132.222,terminal_upper_col_32,vertical_terminal_strip,vertical,2,5,B32;D32
C33,terminal_upper,C,33,,,1316.308,296.33,1368.566,411.681,131.963,terminal_upper_col_33,vertical_terminal_strip,vertical,2,5,B33;D33
C34,terminal_upper,C,34,,,1354.341,296.33,1406.252,411.126,140.284,terminal_upper_col_34,vertical_terminal_strip,vertical,2,5,B34;D34
C35,terminal_upper,C,35,,,1392.373,296.33,1443.849,410.571,141.543,terminal_upper_col_35,vertical_terminal_strip,vertical,2,5,B35;D35
C36,terminal_upper,C,36,,,1430.406,296.33,1481.357,410.019,123.272,terminal_upper_col_36,vertical_terminal_strip,vertical,2,5,B36;D36
C37,terminal_upper,C,37,,,1468.438,296.33,1518.777,409.467,106.049,terminal_upper_col_37,vertical_terminal_strip,vertical,2,5,B37;D37
C38,terminal_upper,C,38,,,1506.471,296.33,1556.11,408.917,121.198,terminal_upper_col_38,vertical_terminal_strip,vertical,2,5,B38;D38
C39,terminal_upper,C,39,,,1544.503,296.33,1593.354,408.368,96.753,terminal_upper_col_39,vertical_terminal_strip,vertical,2,5,B39;D39
C40,terminal_upper,C,40,,,1582.536,296.33,1630.512,407.82,59.753,terminal_upper_col_40,vertical_terminal_strip,vertical,2,5,B40;D40
C41,terminal_upper,C,41,,,1620.568,296.33,1667.582,407.274,96.963,terminal_upper_col_41,vertical_terminal_strip,vertical,2,5,B41;D41
C42,terminal_upper,C,42,,,1658.601,296.33,1704.566,406.729,73.568,terminal_upper_col_42,vertical_terminal_strip,vertical,2,5,B42;D42
C43,terminal_upper,C,43,,,1696.633,296.33,1741.463,406.185,64.889,terminal_upper_col_43,vertical_terminal_strip,vertical,2,5,B43;D43
C44,terminal_upper,C,44,,,1734.666,296.33,1778.275,405.643,79.259,terminal_upper_col_44,vertical_terminal_strip,vertical,2,5,B44;D44
C45,terminal_upper,C,45,,,1772.698,296.33,1815.0,405.102,63.321,terminal_upper_col_45,vertical_terminal_strip,vertical,2,5,B45;D45
C46,terminal_upper,C,46,,,1810.731,296.33,1851.64,404.562,65.37,terminal_upper_col_46,vertical_terminal_strip,vertical,2,5,B46;D46
C47,terminal_upper,C,47,,,1848.763,296.33,1888.195,404.023,47.79,terminal_upper_col_47,vertical_terminal_strip,vertical,2,5,B47;D47
C48,terminal_upper,C,48,,,1886.796,296.33,1924.665,403.485,52.42,terminal_upper_col_48,vertical_terminal_strip,vertical,2,5,B48;D48
C49,terminal_upper,C,49,,,1924.828,296.33,1961.05,402.949,51.37,terminal_upper_col_49,vertical_terminal_strip,vertical,2,5,B49;D49
C50,terminal_upper,C,50,,,1962.861,296.33,1997.351,402.414,42.432,terminal_upper_col_50,vertical_terminal_strip,vertical,2,5,B50;D50
C51,terminal_upper,C,51,,,2000.893,296.33,2033.568,401.88,41.914,terminal_upper_col_51,vertical_terminal_strip,vertical,2,5,B51;D51
C52,terminal_upper,C,52,,,2038.926,296.33,2069.702,401.348,44.914,terminal_upper_col_52,vertical_terminal_strip,vertical,2,5,B52;D52
C53,terminal_upper,C,53,,,2076.958,296.33,2105.752,400.816,48.21,terminal_upper_col_53,vertical_terminal_strip,vertical,2,5,B53;D53
C54,terminal_upper,C,54,,,2114.991,296.33,2141.719,400.286,39.049,terminal_upper_col_54,vertical_terminal_strip,vertical,2,5,B54;D54
C55,terminal_upper,C,55,,,2153.023,296.33,2177.603,399.758,31.58,terminal_upper_col_55,vertical_terminal_strip,vertical,2,5,B55;D55
C56,terminal_upper,C,56,,,2191.056,296.33,2213.404,399.23,35.556,terminal_upper_col_56,vertical_terminal_strip,vertical,2,5,B56;D56
C57,terminal_upper,C,57,,,2229.088,296.33,2249.123,398.703,31.63,terminal_upper_col_57,vertical_terminal_strip,vertical,2,5,B57;D57
C58,terminal_upper,C,58,,,2267.121,296.33,2284.76,398.178,34.222,terminal_upper_col_58,vertical_terminal_strip,vertical,2,5,B58;D58
C59,terminal_upper,C,59,,,2305.153,296.33,2320.316,397.654,30.84,terminal_upper_col_59,vertical_terminal_strip,vertical,2,5,B59;D59
C60,terminal_upper,C,60,,,2343.186,296.33,2355.79,397.131,25.704,terminal_upper_col_60,vertical_terminal_strip,vertical,2,5,B60;D60
C61,terminal_upper,C,61,,,2381.218,296.33,2391.183,396.61,21.16,terminal_upper_col_61,vertical_terminal_strip,vertical,2,5,B61;D61
C62,terminal_upper,C,62,,,2419.251,296.33,2426.495,396.089,13.494,terminal_upper_col_62,vertical_terminal_strip,vertical,2,5,B62;D62
D00,terminal_upper,D,0,,,61.236,336.134,73.867,470.615,55.222,terminal_upper_col_00,vertical_terminal_strip,vertical,3,5,C00;E00
D01,terminal_upper,D,1,,,99.268,336.134,114.66,469.965,63.321,terminal_upper_col_01,vertical_terminal_strip,vertical,3,5,C01;E01
D02,terminal_upper,D,2,,,137.301,336.134,155.352,469.316,58.333,terminal_upper_col_02,vertical_terminal_strip,vertical,3,5,C02;E02
D03,terminal_upper,D,3,,,175.333,336.134,195.944,468.669,61.914,terminal_upper_col_03,vertical_terminal_strip,vertical,3,5,C03;E03
D04,terminal_upper,D,4,,,213.366,336.134,236.438,468.024,84.457,terminal_upper_col_04,vertical_terminal_strip,vertical,3,5,C04;E04
D05,terminal_upper,D,5,,,251.398,336.134,276.832,467.38,58.136,terminal_upper_col_05,vertical_terminal_strip,vertical,3,5,C05;E05
D06,terminal_upper,D,6,,,289.431,336.134,317.128,466.738,76.679,terminal_upper_col_06,vertical_terminal_strip,vertical,3,5,C06;E06
D07,terminal_upper,D,7,,,327.463,336.134,357.325,466.097,80.049,terminal_upper_col_07,vertical_terminal_strip,vertical,3,5,C07;E07
D08,terminal_upper,D,8,,,365.496,336.134,397.425,465.458,95.679,terminal_upper_col_08,vertical_terminal_strip,vertical,3,5,C08;E08
D09,terminal_upper,D,9,,,403.528,336.134,437.427,464.821,121.086,terminal_upper_col_09,vertical_terminal_strip,vertical,3,5,C09;E09
D10,terminal_upper,D,10,,,441.561,336.134,477.332,464.185,112.222,terminal_upper_col_10,vertical_terminal_strip,vertical,3,5,C10;E10
D11,terminal_upper,D,11,,,479.593,336.134,517.14,463.55,107.247,terminal_upper_col_11,vertical_terminal_strip,vertical,3,5,C11;E11
D12,terminal_upper,D,12,,,517.626,336.134,556.852,462.917,83.309,terminal_upper_col_12,vertical_terminal_strip,vertical,3,5,C12;E12
D13,terminal_upper,D,13,,,555.658,336.134,596.467,462.286,140.321,terminal_upper_col_13,vertical_terminal_strip,vertical,3,5,C13;E13
D14,terminal_upper,D,14,,,593.691,336.134,635.987,461.656,134.679,terminal_upper_col_14,vertical_terminal_strip,vertical,3,5,C14;E14
D15,terminal_upper,D,15,,,631.723,336.134,675.412,461.028,141.617,terminal_upper_col_15,vertical_terminal_strip,vertical,3,5,C15;E15
D16,terminal_upper,D,16,,,669.756,336.134,714.741,460.401,144.309,terminal_upper_col_16,vertical_terminal_strip,vertical,3,5,C16;E16
D17,terminal_upper,D,17,,,707.788,336.134,753.976,459.776,144.481,terminal_upper_col_17,vertical_terminal_strip,vertical,3,5,C17;E17
D18,terminal_upper,D,18,,,745.821,336.134,793.116,459.152,165.235,terminal_upper_col_18,vertical_terminal_strip,vertical,3,5,C18;E18
D19,terminal_upper,D,19,,,783.853,336.134,832.163,458.53,155.309,terminal_upper_col_19,vertical_terminal_strip,vertical,3,5,C19;E19
D20,terminal_upper,D,20,,,821.886,336.134,871.115,457.909,158.975,terminal_upper_col_20,vertical_terminal_strip,vertical,3,5,C20;E20
D21,terminal_upper,D,21,,,859.918,336.134,909.975,457.29,158.765,terminal_upper_col_21,vertical_terminal_strip,vertical,3,5,C21;E21
D22,terminal_upper,D,22,,,897.951,336.134,948.741,456.672,156.42,terminal_upper_col_22,vertical_terminal_strip,vertical,3,5,C22;E22
D23,terminal_upper,D,23,,,935.983,336.134,987.415,456.055,105.383,terminal_upper_col_23,vertical_terminal_strip,vertical,3,5,C23;E23
D24,terminal_upper,D,24,,,974.016,336.134,1025.996,455.441,117.309,terminal_upper_col_24,vertical_terminal_strip,vertical,3,5,C24;E24
D25,terminal_upper,D,25,,,1012.048,336.134,1064.485,454.827,106.741,terminal_upper_col_25,vertical_terminal_strip,vertical,3,5,C25;E25
D26,terminal_upper,D,26,,,1050.081,336.134,1102.882,454.215,122.988,terminal_upper_col_26,vertical_terminal_strip,vertical,3,5,C26;E26
D27,terminal_upper,D,27,,,1088.113,336.134,1141.189,453.605,92.778,terminal_upper_col_27,vertical_terminal_strip,vertical,3,5,C27;E27
D28,terminal_upper,D,28,,,1126.146,336.134,1179.404,452.996,126.901,terminal_upper_col_28,vertical_terminal_strip,vertical,3,5,C28;E28
D29,terminal_upper,D,29,,,1164.178,336.134,1217.528,452.388,131.84,terminal_upper_col_29,vertical_terminal_strip,vertical,3,5,C29;E29
D30,terminal_upper,D,30,,,1202.211,336.134,1255.562,451.782,132.444,terminal_upper_col_30,vertical_terminal_strip,vertical,3,5,C30;E30
D31,terminal_upper,D,31,,,1240.243,336.134,1293.506,451.177,131.049,terminal_upper_col_31,vertical_terminal_strip,vertical,3,5,C31;E31
D32,terminal_upper,D,32,,,1278.276,336.134,1331.36,450.574,137.963,terminal_upper_col_32,vertical_terminal_strip,vertical,3,5,C32;E32
D33,terminal_upper,D,33,,,1316.308,336.134,1369.125,449.972,127.198,terminal_upper_col_33,vertical_terminal_strip,vertical,3,5,C33;E33
D34,terminal_upper,D,34,,,1354.341,336.134,1406.801,449.372,132.481,terminal_upper_col_34,vertical_terminal_strip,vertical,3,5,C34;E34
D35,terminal_upper,D,35,,,1392.373,336.134,1444.388,448.773,139.21,terminal_upper_col_35,vertical_terminal_strip,vertical,3,5,C35;E35
D36,terminal_upper,D,36,,,1430.406,336.134,1481.886,448.175,109.099,terminal_upper_col_36,vertical_terminal_strip,vertical,3,5,C36;E36
D37,terminal_upper,D,37,,,1468.438,336.134,1519.296,447.579,106.395,terminal_upper_col_37,vertical_terminal_strip,vertical,3,5,C37;E37
D38,terminal_upper,D,38,,,1506.471,336.134,1556.618,446.984,107.247,terminal_upper_col_38,vertical_terminal_strip,vertical,3,5,C38;E38
D39,terminal_upper,D,39,,,1544.503,336.134,1593.853,446.39,85.0,terminal_upper_col_39,vertical_terminal_strip,vertical,3,5,C39;E39
D40,terminal_upper,D,40,,,1582.536,336.134,1631.001,445.798,81.0,terminal_upper_col_40,vertical_terminal_strip,vertical,3,5,C40;E40
D41,terminal_upper,D,41,,,1620.568,336.134,1668.061,445.208,71.914,terminal_upper_col_41,vertical_terminal_strip,vertical,3,5,C41;E41
D42,terminal_upper,D,42,,,1658.601,336.134,1705.035,444.619,74.58,terminal_upper_col_42,vertical_terminal_strip,vertical,3,5,C42;E42
D43,terminal_upper,D,43,,,1696.633,336.134,1741.923,444.031,60.099,terminal_upper_col_43,vertical_terminal_strip,vertical,3,5,C43;E43
D44,terminal_upper,D,44,,,1734.666,336.134,1778.724,443.444,89.877,terminal_upper_col_44,vertical_terminal_strip,vertical,3,5,C44;E44
D45,terminal_upper,D,45,,,1772.698,336.134,1815.44,442.859,61.926,terminal_upper_col_45,vertical_terminal_strip,vertical,3,5,C45;E45
D46,terminal_upper,D,46,,,1810.731,336.134,1852.07,442.275,64.506,terminal_upper_col_46,vertical_terminal_strip,vertical,3,5,C46;E46
D47,terminal_upper,D,47,,,1848.763,336.134,1888.616,441.693,57.716,terminal_upper_col_47,vertical_terminal_strip,vertical,3,5,C47;E47
D48,terminal_upper,D,48,,,1886.796,336.134,1925.076,441.112,52.716,terminal_upper_col_48,vertical_terminal_strip,vertical,3,5,C48;E48
D49,terminal_upper,D,49,,,1924.828,336.134,1961.452,440.532,52.321,terminal_upper_col_49,vertical_terminal_strip,vertical,3,5,C49;E49
D50,terminal_upper,D,50,,,1962.861,336.134,1997.743,439.954,46.111,terminal_upper_col_50,vertical_terminal_strip,vertical,3,5,C50;E50
D51,terminal_upper,D,51,,,2000.893,336.134,2033.951,439.377,41.247,terminal_upper_col_51,vertical_terminal_strip,vertical,3,5,C51;E51
D52,terminal_upper,D,52,,,2038.926,336.134,2070.075,438.801,48.395,terminal_upper_col_52,vertical_terminal_strip,vertical,3,5,C52;E52
D53,terminal_upper,D,53,,,2076.958,336.134,2106.115,438.226,41.037,terminal_upper_col_53,vertical_terminal_strip,vertical,3,5,C53;E53
D54,terminal_upper,D,54,,,2114.991,336.134,2142.073,437.653,35.321,terminal_upper_col_54,vertical_terminal_strip,vertical,3,5,C54;E54
D55,terminal_upper,D,55,,,2153.023,336.134,2177.948,437.082,36.259,terminal_upper_col_55,vertical_terminal_strip,vertical,3,5,C55;E55
D56,terminal_upper,D,56,,,2191.056,336.134,2213.74,436.511,38.889,terminal_upper_col_56,vertical_terminal_strip,vertical,3,5,C56;E56
D57,terminal_upper,D,57,,,2229.088,336.134,2249.45,435.942,34.074,terminal_upper_col_57,vertical_terminal_strip,vertical,3,5,C57;E57
D58,terminal_upper,D,58,,,2267.121,336.134,2285.078,435.374,31.642,terminal_upper_col_58,vertical_terminal_strip,vertical,3,5,C58;E58
D59,terminal_upper,D,59,,,2305.153,336.134,2320.624,434.808,29.84,terminal_upper_col_59,vertical_terminal_strip,vertical,3,5,C59;E59
D60,terminal_upper,D,60,,,2343.186,336.134,2356.089,434.243,26.173,terminal_upper_col_60,vertical_terminal_strip,vertical,3,5,C60;E60
D61,terminal_upper,D,61,,,2381.218,336.134,2391.473,433.679,21.815,terminal_upper_col_61,vertical_terminal_strip,vertical,3,5,C61;E61
D62,terminal_upper,D,62,,,2419.251,336.134,2426.776,433.116,13.568,terminal_upper_col_62,vertical_terminal_strip,vertical,3,5,C62;E62
E00,terminal_upper,E,0,,,61.236,375.937,74.79,510.433,58.383,terminal_upper_col_00,vertical_terminal_strip,vertical,4,5,D00
E01,terminal_upper,E,1,,,99.268,375.937,115.571,509.734,64.716,terminal_upper_col_01,vertical_terminal_strip,vertical,4,5,D01
E02,terminal_upper,E,2,,,137.301,375.937,156.251,509.037,62.778,terminal_upper_col_02,vertical_terminal_strip,vertical,4,5,D02
E03,terminal_upper,E,3,,,175.333,375.937,196.832,508.342,46.988,terminal_upper_col_03,vertical_terminal_strip,vertical,4,5,D03
E04,terminal_upper,E,4,,,213.366,375.937,237.313,507.648,81.37,terminal_upper_col_04,vertical_terminal_strip,vertical,4,5,D04
E05,terminal_upper,E,5,,,251.398,375.937,277.696,506.956,58.0,terminal_upper_col_05,vertical_terminal_strip,vertical,4,5,D05
E06,terminal_upper,E,6,,,289.431,375.937,317.98,506.266,69.346,terminal_upper_col_06,vertical_terminal_strip,vertical,4,5,D06
E07,terminal_upper,E,7,,,327.463,375.937,358.166,505.577,77.136,terminal_upper_col_07,vertical_terminal_strip,vertical,4,5,D07
E08,terminal_upper,E,8,,,365.496,375.937,398.254,504.89,100.062,terminal_upper_col_08,vertical_terminal_strip,vertical,4,5,D08
E09,terminal_upper,E,9,,,403.528,375.937,438.245,504.205,111.691,terminal_upper_col_09,vertical_terminal_strip,vertical,4,5,D09
E10,terminal_upper,E,10,,,441.561,375.937,478.139,503.521,119.222,terminal_upper_col_10,vertical_terminal_strip,vertical,4,5,D10
E11,terminal_upper,E,11,,,479.593,375.937,517.935,502.839,107.926,terminal_upper_col_11,vertical_terminal_strip,vertical,4,5,D11
E12,terminal_upper,E,12,,,517.626,375.937,557.636,502.159,80.79,terminal_upper_col_12,vertical_terminal_strip,vertical,4,5,D12
E13,terminal_upper,E,13,,,555.658,375.937,597.24,501.48,136.42,terminal_upper_col_13,vertical_terminal_strip,vertical,4,5,D13
E14,terminal_upper,E,14,,,593.691,375.937,636.749,500.803,112.728,terminal_upper_col_14,vertical_terminal_strip,vertical,4,5,D14
E15,terminal_upper,E,15,,,631.723,375.937,676.162,500.128,124.272,terminal_upper_col_15,vertical_terminal_strip,vertical,4,5,D15
E16,terminal_upper,E,16,,,669.756,375.937,715.481,499.454,148.185,terminal_upper_col_16,vertical_terminal_strip,vertical,4,5,D16
E17,terminal_upper,E,17,,,707.788,375.937,754.705,498.782,134.284,terminal_upper_col_17,vertical_terminal_strip,vertical,4,5,D17
E18,terminal_upper,E,18,,,745.821,375.937,793.834,498.111,155.543,terminal_upper_col_18,vertical_terminal_strip,vertical,4,5,D18
E19,terminal_upper,E,19,,,783.853,375.937,832.869,497.443,146.259,terminal_upper_col_19,vertical_terminal_strip,vertical,4,5,D19
E20,terminal_upper,E,20,,,821.886,375.937,871.811,496.775,160.605,terminal_upper_col_20,vertical_terminal_strip,vertical,4,5,D20
E21,terminal_upper,E,21,,,859.918,375.937,910.66,496.11,139.222,terminal_upper_col_21,vertical_terminal_strip,vertical,4,5,D21
E22,terminal_upper,E,22,,,897.951,375.937,949.415,495.445,158.741,terminal_upper_col_22,vertical_terminal_strip,vertical,4,5,D22
E23,terminal_upper,E,23,,,935.983,375.937,988.078,494.783,121.16,terminal_upper_col_23,vertical_terminal_strip,vertical,4,5,D23
E24,terminal_upper,E,24,,,974.016,375.937,1026.649,494.122,108.185,terminal_upper_col_24,vertical_terminal_strip,vertical,4,5,D24
E25,terminal_upper,E,25,,,1012.048,375.937,1065.127,493.463,99.654,terminal_upper_col_25,vertical_terminal_strip,vertical,4,5,D25
E26,terminal_upper,E,26,,,1050.081,375.937,1103.514,492.805,108.519,terminal_upper_col_26,vertical_terminal_strip,vertical,4,5,D26
E27,terminal_upper,E,27,,,1088.113,375.937,1141.81,492.148,88.642,terminal_upper_col_27,vertical_terminal_strip,vertical,4,5,D27
E28,terminal_upper,E,28,,,1126.146,375.937,1180.014,491.494,112.321,terminal_upper_col_28,vertical_terminal_strip,vertical,4,5,D28
E29,terminal_upper,E,29,,,1164.178,375.937,1218.128,490.841,112.877,terminal_upper_col_29,vertical_terminal_strip,vertical,4,5,D29
E30,terminal_upper,E,30,,,1202.211,375.937,1256.152,490.189,131.062,terminal_upper_col_30,vertical_terminal_strip,vertical,4,5,D30
E31,terminal_upper,E,31,,,1240.243,375.937,1294.086,489.539,139.358,terminal_upper_col_31,vertical_terminal_strip,vertical,4,5,D31
E32,terminal_upper,E,32,,,1278.276,375.937,1331.93,488.891,115.21,terminal_upper_col_32,vertical_terminal_strip,vertical,4,5,D32
E33,terminal_upper,E,33,,,1316.308,375.937,1369.684,488.244,129.383,terminal_upper_col_33,vertical_terminal_strip,vertical,4,5,D33
E34,terminal_upper,E,34,,,1354.341,375.937,1407.349,487.598,144.827,terminal_upper_col_34,vertical_terminal_strip,vertical,4,5,D34
E35,terminal_upper,E,35,,,1392.373,375.937,1444.926,486.954,141.432,terminal_upper_col_35,vertical_terminal_strip,vertical,4,5,D35
E36,terminal_upper,E,36,,,1430.406,375.937,1482.414,486.312,110.704,terminal_upper_col_36,vertical_terminal_strip,vertical,4,5,D36
E37,terminal_upper,E,37,,,1468.438,375.937,1519.814,485.671,92.988,terminal_upper_col_37,vertical_terminal_strip,vertical,4,5,D37
E38,terminal_upper,E,38,,,1506.471,375.937,1557.127,485.032,117.914,terminal_upper_col_38,vertical_terminal_strip,vertical,4,5,D38
E39,terminal_upper,E,39,,,1544.503,375.937,1594.352,484.394,64.704,terminal_upper_col_39,vertical_terminal_strip,vertical,4,5,D39
E40,terminal_upper,E,40,,,1582.536,375.937,1631.489,483.757,79.346,terminal_upper_col_40,vertical_terminal_strip,vertical,4,5,D40
E41,terminal_upper,E,41,,,1620.568,375.937,1668.54,483.122,82.802,terminal_upper_col_41,vertical_terminal_strip,vertical,4,5,D41
E42,terminal_upper,E,42,,,1658.601,375.937,1705.504,482.489,70.173,terminal_upper_col_42,vertical_terminal_strip,vertical,4,5,D42
E43,terminal_upper,E,43,,,1696.633,375.937,1742.382,481.857,64.506,terminal_upper_col_43,vertical_terminal_strip,vertical,4,5,D43
E44,terminal_upper,E,44,,,1734.666,375.937,1779.173,481.227,76.037,terminal_upper_col_44,vertical_terminal_strip,vertical,4,5,D44
E45,terminal_upper,E,45,,,1772.698,375.937,1815.88,480.598,59.222,terminal_upper_col_45,vertical_terminal_strip,vertical,4,5,D45
E46,terminal_upper,E,46,,,1810.731,375.937,1852.5,479.97,59.568,terminal_upper_col_46,vertical_terminal_strip,vertical,4,5,D46
E47,terminal_upper,E,47,,,1848.763,375.937,1889.036,479.344,48.235,terminal_upper_col_47,vertical_terminal_strip,vertical,4,5,D47
E48,terminal_upper,E,48,,,1886.796,375.937,1925.487,478.719,52.296,terminal_upper_col_48,vertical_terminal_strip,vertical,4,5,D48
E49,terminal_upper,E,49,,,1924.828,375.937,1961.853,478.096,57.679,terminal_upper_col_49,vertical_terminal_strip,vertical,4,5,D49
E50,terminal_upper,E,50,,,1962.861,375.937,1998.135,477.474,41.358,terminal_upper_col_50,vertical_terminal_strip,vertical,4,5,D50
E51,terminal_upper,E,51,,,2000.893,375.937,2034.333,476.854,44.901,terminal_upper_col_51,vertical_terminal_strip,vertical,4,5,D51
E52,terminal_upper,E,52,,,2038.926,375.937,2070.448,476.235,50.556,terminal_upper_col_52,vertical_terminal_strip,vertical,4,5,D52
E53,terminal_upper,E,53,,,2076.958,375.937,2106.479,475.618,40.556,terminal_upper_col_53,vertical_terminal_strip,vertical,4,5,D53
E54,terminal_upper,E,54,,,2114.991,375.937,2142.427,475.002,34.877,terminal_upper_col_54,vertical_terminal_strip,vertical,4,5,D54
E55,terminal_upper,E,55,,,2153.023,375.937,2178.293,474.387,31.963,terminal_upper_col_55,vertical_terminal_strip,vertical,4,5,D55
E56,terminal_upper,E,56,,,2191.056,375.937,2214.076,473.774,37.259,terminal_upper_col_56,vertical_terminal_strip,vertical,4,5,D56
E57,terminal_upper,E,57,,,2229.088,375.937,2249.777,473.162,35.259,terminal_upper_col_57,vertical_terminal_strip,vertical,4,5,D57
E58,terminal_upper,E,58,,,2267.121,375.937,2285.396,472.552,31.111,terminal_upper_col_58,vertical_terminal_strip,vertical,4,5,D58
E59,terminal_upper,E,59,,,2305.153,375.937,2320.933,471.943,28.79,terminal_upper_col_59,vertical_terminal_strip,vertical,4,5,D59
E60,terminal_upper,E,60,,,2343.186,375.937,2356.389,471.335,25.506,terminal_upper_col_60,vertical_terminal_strip,vertical,4,5,D60
E61,terminal_upper,E,61,,,2381.218,375.937,2391.763,470.729,22.741,terminal_upper_col_61,vertical_terminal_strip,vertical,4,5,D61
E62,terminal_upper,E,62,,,2419.251,375.937,2427.058,470.124,13.457,terminal_upper_col_62,vertical_terminal_strip,vertical,4,5,D62
F00,terminal_lower,F,0,,,61.236,493.726,77.519,628.142,53.173,terminal_lower_col_00,vertical_terminal_strip,vertical,0,5,G00
F01,terminal_lower,F,1,,,99.268,493.726,118.264,627.3,57.062,terminal_lower_col_01,vertical_terminal_strip,vertical,0,5,G01
F02,terminal_lower,F,2,,,137.301,493.726,158.91,626.459,65.469,terminal_lower_col_02,vertical_terminal_strip,vertical,0,5,G02
F03,terminal_lower,F,3,,,175.333,493.726,199.456,625.621,62.148,terminal_lower_col_03,vertical_terminal_strip,vertical,0,5,G03
F04,terminal_lower,F,4,,,213.366,493.726,239.903,624.784,84.827,terminal_lower_col_04,vertical_terminal_strip,vertical,0,5,G04
F05,terminal_lower,F,5,,,251.398,493.726,280.251,623.95,86.136,terminal_lower_col_05,vertical_terminal_strip,vertical,0,5,G05
F06,terminal_lower,F,6,,,289.431,493.726,320.501,623.117,91.741,terminal_lower_col_06,vertical_terminal_strip,vertical,0,5,G06
F07,terminal_lower,F,7,,,327.463,493.726,360.653,622.287,85.963,terminal_lower_col_07,vertical_terminal_strip,vertical,0,5,G07
F08,terminal_lower,F,8,,,365.496,493.726,400.707,621.459,95.901,terminal_lower_col_08,vertical_terminal_strip,vertical,0,5,G08
F09,terminal_lower,F,9,,,403.528,493.726,440.664,620.632,113.716,terminal_lower_col_09,vertical_terminal_strip,vertical,0,5,G09
F10,terminal_lower,F,10,,,441.561,493.726,480.524,619.808,111.901,terminal_lower_col_10,vertical_terminal_strip,vertical,0,5,G10
F11,terminal_lower,F,11,,,479.593,493.726,520.287,618.986,121.58,terminal_lower_col_11,vertical_terminal_strip,vertical,0,5,G11
F12,terminal_lower,F,12,,,517.626,493.726,559.954,618.165,133.0,terminal_lower_col_12,vertical_terminal_strip,vertical,0,5,G12
F13,terminal_lower,F,13,,,555.658,493.726,599.525,617.347,124.543,terminal_lower_col_13,vertical_terminal_strip,vertical,0,5,G13
F14,terminal_lower,F,14,,,593.691,493.726,639.001,616.531,138.765,terminal_lower_col_14,vertical_terminal_strip,vertical,0,5,G14
F15,terminal_lower,F,15,,,631.723,493.726,678.381,615.716,144.21,terminal_lower_col_15,vertical_terminal_strip,vertical,0,5,G15
F16,terminal_lower,F,16,,,669.756,493.726,717.667,614.904,149.963,terminal_lower_col_16,vertical_terminal_strip,vertical,0,5,G16
F17,terminal_lower,F,17,,,707.788,493.726,756.858,614.093,164.901,terminal_lower_col_17,vertical_terminal_strip,vertical,0,5,G17
F18,terminal_lower,F,18,,,745.821,493.726,795.955,613.285,166.049,terminal_lower_col_18,vertical_terminal_strip,vertical,0,5,G18
F19,terminal_lower,F,19,,,783.853,493.726,834.958,612.478,161.284,terminal_lower_col_19,vertical_terminal_strip,vertical,0,5,G19
F20,terminal_lower,F,20,,,821.886,493.726,873.868,611.673,154.568,terminal_lower_col_20,vertical_terminal_strip,vertical,0,5,G20
F21,terminal_lower,F,21,,,859.918,493.726,912.684,610.871,154.877,terminal_lower_col_21,vertical_terminal_strip,vertical,0,5,G21
F22,terminal_lower,F,22,,,897.951,493.726,951.408,610.07,164.975,terminal_lower_col_22,vertical_terminal_strip,vertical,0,5,G22
F23,terminal_lower,F,23,,,935.983,493.726,990.039,609.271,156.407,terminal_lower_col_23,vertical_terminal_strip,vertical,0,5,G23
F24,terminal_lower,F,24,,,974.016,493.726,1028.578,608.474,151.173,terminal_lower_col_24,vertical_terminal_strip,vertical,0,5,G24
F25,terminal_lower,F,25,,,1012.048,493.726,1067.026,607.679,154.778,terminal_lower_col_25,vertical_terminal_strip,vertical,0,5,G25
F26,terminal_lower,F,26,,,1050.081,493.726,1105.381,606.886,155.395,terminal_lower_col_26,vertical_terminal_strip,vertical,0,5,G26
F27,terminal_lower,F,27,,,1088.113,493.726,1143.646,606.094,156.519,terminal_lower_col_27,vertical_terminal_strip,vertical,0,5,G27
F28,terminal_lower,F,28,,,1126.146,493.726,1181.819,605.305,150.568,terminal_lower_col_28,vertical_terminal_strip,vertical,0,5,G28
F29,terminal_lower,F,29,,,1164.178,493.726,1219.903,604.517,145.889,terminal_lower_col_29,vertical_terminal_strip,vertical,0,5,G29
F30,terminal_lower,F,30,,,1202.211,493.726,1257.896,603.732,150.778,terminal_lower_col_30,vertical_terminal_strip,vertical,0,5,G30
F31,terminal_lower,F,31,,,1240.243,493.726,1295.799,602.948,153.988,terminal_lower_col_31,vertical_terminal_strip,vertical,0,5,G31
F32,terminal_lower,F,32,,,1278.276,493.726,1333.612,602.166,148.185,terminal_lower_col_32,vertical_terminal_strip,vertical,0,5,G32
F33,terminal_lower,F,33,,,1316.308,493.726,1371.336,601.385,150.667,terminal_lower_col_33,vertical_terminal_strip,vertical,0,5,G33
F34,terminal_lower,F,34,,,1354.341,493.726,1408.972,600.607,153.099,terminal_lower_col_34,vertical_terminal_strip,vertical,0,5,G34
F35,terminal_lower,F,35,,,1392.373,493.726,1446.518,599.831,146.457,terminal_lower_col_35,vertical_terminal_strip,vertical,0,5,G35
F36,terminal_lower,F,36,,,1430.406,493.726,1483.977,599.056,138.802,terminal_lower_col_36,vertical_terminal_strip,vertical,0,5,G36
F37,terminal_lower,F,37,,,1468.438,493.726,1521.347,598.283,130.012,terminal_lower_col_37,vertical_terminal_strip,vertical,0,5,G37
F38,terminal_lower,F,38,,,1506.471,493.726,1558.63,597.512,81.667,terminal_lower_col_38,vertical_terminal_strip,vertical,0,5,G38
F39,terminal_lower,F,39,,,1544.503,493.726,1595.825,596.743,109.16,terminal_lower_col_39,vertical_terminal_strip,vertical,0,5,G39
F40,terminal_lower,F,40,,,1582.536,493.726,1632.933,595.976,94.037,terminal_lower_col_40,vertical_terminal_strip,vertical,0,5,G40
F41,terminal_lower,F,41,,,1620.568,493.726,1669.955,595.21,85.63,terminal_lower_col_41,vertical_terminal_strip,vertical,0,5,G41
F42,terminal_lower,F,42,,,1658.601,493.726,1706.89,594.446,92.593,terminal_lower_col_42,vertical_terminal_strip,vertical,0,5,G42
F43,terminal_lower,F,43,,,1696.633,493.726,1743.739,593.684,72.346,terminal_lower_col_43,vertical_terminal_strip,vertical,0,5,G43
F44,terminal_lower,F,44,,,1734.666,493.726,1780.502,592.924,68.778,terminal_lower_col_44,vertical_terminal_strip,vertical,0,5,G44
F45,terminal_lower,F,45,,,1772.698,493.726,1817.179,592.165,67.42,terminal_lower_col_45,vertical_terminal_strip,vertical,0,5,G45
F46,terminal_lower,F,46,,,1810.731,493.726,1853.771,591.409,54.605,terminal_lower_col_46,vertical_terminal_strip,vertical,0,5,G46
F47,terminal_lower,F,47,,,1848.763,493.726,1890.279,590.654,56.543,terminal_lower_col_47,vertical_terminal_strip,vertical,0,5,G47
F48,terminal_lower,F,48,,,1886.796,493.726,1926.701,589.9,45.037,terminal_lower_col_48,vertical_terminal_strip,vertical,0,5,G48
F49,terminal_lower,F,49,,,1924.828,493.726,1963.039,589.149,56.247,terminal_lower_col_49,vertical_terminal_strip,vertical,0,5,G49
F50,terminal_lower,F,50,,,1962.861,493.726,1999.293,588.399,57.593,terminal_lower_col_50,vertical_terminal_strip,vertical,0,5,G50
F51,terminal_lower,F,51,,,2000.893,493.726,2035.464,587.651,42.877,terminal_lower_col_51,vertical_terminal_strip,vertical,0,5,G51
F52,terminal_lower,F,52,,,2038.926,493.726,2071.551,586.905,51.062,terminal_lower_col_52,vertical_terminal_strip,vertical,0,5,G52
F53,terminal_lower,F,53,,,2076.958,493.726,2107.554,586.16,42.062,terminal_lower_col_53,vertical_terminal_strip,vertical,0,5,G53
F54,terminal_lower,F,54,,,2114.991,493.726,2143.475,585.417,36.716,terminal_lower_col_54,vertical_terminal_strip,vertical,0,5,G54
F55,terminal_lower,F,55,,,2153.023,493.726,2179.313,584.676,32.679,terminal_lower_col_55,vertical_terminal_strip,vertical,0,5,G55
F56,terminal_lower,F,56,,,2191.056,493.726,2215.069,583.937,33.605,terminal_lower_col_56,vertical_terminal_strip,vertical,0,5,G56
F57,terminal_lower,F,57,,,2229.088,493.726,2250.742,583.199,29.765,terminal_lower_col_57,vertical_terminal_strip,vertical,0,5,G57
F58,terminal_lower,F,58,,,2267.121,493.726,2286.334,582.463,27.864,terminal_lower_col_58,vertical_terminal_strip,vertical,0,5,G58
F59,terminal_lower,F,59,,,2305.153,493.726,2321.844,581.728,26.21,terminal_lower_col_59,vertical_terminal_strip,vertical,0,5,G59
F60,terminal_lower,F,60,,,2343.186,493.726,2357.274,580.996,22.247,terminal_lower_col_60,vertical_terminal_strip,vertical,0,5,G60
F61,terminal_lower,F,61,,,2381.218,493.726,2392.622,580.265,20.062,terminal_lower_col_61,vertical_terminal_strip,vertical,0,5,G61
F62,terminal_lower,F,62,,,2419.251,493.726,2427.889,579.535,14.79,terminal_lower_col_62,vertical_terminal_strip,vertical,0,5,G62
G00,terminal_lower,G,0,,,61.236,533.191,78.432,667.54,58.642,terminal_lower_col_00,vertical_terminal_strip,vertical,1,5,F00;H00
G01,terminal_lower,G,1,,,99.268,533.191,119.166,666.65,57.654,terminal_lower_col_01,vertical_terminal_strip,vertical,1,5,F01;H01
G02,terminal_lower,G,2,,,137.301,533.191,159.8,665.761,73.074,terminal_lower_col_02,vertical_terminal_strip,vertical,1,5,F02;H02
G03,terminal_lower,G,3,,,175.333,533.191,200.334,664.875,61.951,terminal_lower_col_03,vertical_terminal_strip,vertical,1,5,F03;H03
G04,terminal_lower,G,4,,,213.366,533.191,240.769,663.991,73.531,terminal_lower_col_04,vertical_terminal_strip,vertical,1,5,F04;H04
G05,terminal_lower,G,5,,,251.398,533.191,281.106,663.109,75.926,terminal_lower_col_05,vertical_terminal_strip,vertical,1,5,F05;H05
G06,terminal_lower,G,6,,,289.431,533.191,321.344,662.229,86.691,terminal_lower_col_06,vertical_terminal_strip,vertical,1,5,F06;H06
G07,terminal_lower,G,7,,,327.463,533.191,361.485,661.351,82.42,terminal_lower_col_07,vertical_terminal_strip,vertical,1,5,F07;H07
G08,terminal_lower,G,8,,,365.496,533.191,401.528,660.475,82.123,terminal_lower_col_08,vertical_terminal_strip,vertical,1,5,F08;H08
G09,terminal_lower,G,9,,,403.528,533.191,441.473,659.602,97.136,terminal_lower_col_09,vertical_terminal_strip,vertical,1,5,F09;H09
G10,terminal_lower,G,10,,,441.561,533.191,481.322,658.73,104.568,terminal_lower_col_10,vertical_terminal_strip,vertical,1,5,F10;H10
G11,terminal_lower,G,11,,,479.593,533.191,521.074,657.861,106.605,terminal_lower_col_11,vertical_terminal_strip,vertical,1,5,F11;H11
G12,terminal_lower,G,12,,,517.626,533.191,560.73,656.994,120.543,terminal_lower_col_12,vertical_terminal_strip,vertical,1,5,F12;H12
G13,terminal_lower,G,13,,,555.658,533.191,600.29,656.129,118.765,terminal_lower_col_13,vertical_terminal_strip,vertical,1,5,F13;H13
G14,terminal_lower,G,14,,,593.691,533.191,639.755,655.266,137.123,terminal_lower_col_14,vertical_terminal_strip,vertical,1,5,F14;H14
G15,terminal_lower,G,15,,,631.723,533.191,679.124,654.405,152.84,terminal_lower_col_15,vertical_terminal_strip,vertical,1,5,F15;H15
G16,terminal_lower,G,16,,,669.756,533.191,718.399,653.546,156.123,terminal_lower_col_16,vertical_terminal_strip,vertical,1,5,F16;H16
G17,terminal_lower,G,17,,,707.788,533.191,757.579,652.69,165.37,terminal_lower_col_17,vertical_terminal_strip,vertical,1,5,F17;H17
G18,terminal_lower,G,18,,,745.821,533.191,796.665,651.835,172.815,terminal_lower_col_18,vertical_terminal_strip,vertical,1,5,F18;H18
G19,terminal_lower,G,19,,,783.853,533.191,835.658,650.982,159.568,terminal_lower_col_19,vertical_terminal_strip,vertical,1,5,F19;H19
G20,terminal_lower,G,20,,,821.886,533.191,874.556,650.132,157.259,terminal_lower_col_20,vertical_terminal_strip,vertical,1,5,F20;H20
G21,terminal_lower,G,21,,,859.918,533.191,913.362,649.283,170.123,terminal_lower_col_21,vertical_terminal_strip,vertical,1,5,F21;H21
G22,terminal_lower,G,22,,,897.951,533.191,952.075,648.436,173.074,terminal_lower_col_22,vertical_terminal_strip,vertical,1,5,F22;H22
G23,terminal_lower,G,23,,,935.983,533.191,990.696,647.592,163.494,terminal_lower_col_23,vertical_terminal_strip,vertical,1,5,F23;H23
G24,terminal_lower,G,24,,,974.016,533.191,1029.224,646.749,166.914,terminal_lower_col_24,vertical_terminal_strip,vertical,1,5,F24;H24
G25,terminal_lower,G,25,,,1012.048,533.191,1067.661,645.909,158.877,terminal_lower_col_25,vertical_terminal_strip,vertical,1,5,F25;H25
G26,terminal_lower,G,26,,,1050.081,533.191,1106.006,645.07,159.901,terminal_lower_col_26,vertical_terminal_strip,vertical,1,5,F26;H26
G27,terminal_lower,G,27,,,1088.113,533.191,1144.26,644.234,151.654,terminal_lower_col_27,vertical_terminal_strip,vertical,1,5,F27;H27
G28,terminal_lower,G,28,,,1126.146,533.191,1182.424,643.399,157.235,terminal_lower_col_28,vertical_terminal_strip,vertical,1,5,F28;H28
G29,terminal_lower,G,29,,,1164.178,533.191,1220.496,642.567,154.852,terminal_lower_col_29,vertical_terminal_strip,vertical,1,5,F29;H29
G30,terminal_lower,G,30,,,1202.211,533.191,1258.479,641.736,158.741,terminal_lower_col_30,vertical_terminal_strip,vertical,1,5,F30;H30
G31,terminal_lower,G,31,,,1240.243,533.191,1296.372,640.908,155.79,terminal_lower_col_31,vertical_terminal_strip,vertical,1,5,F31;H31
G32,terminal_lower,G,32,,,1278.276,533.191,1334.175,640.081,150.963,terminal_lower_col_32,vertical_terminal_strip,vertical,1,5,F32;H32
G33,terminal_lower,G,33,,,1316.308,533.191,1371.889,639.256,145.086,terminal_lower_col_33,vertical_terminal_strip,vertical,1,5,F33;H33
G34,terminal_lower,G,34,,,1354.341,533.191,1409.515,638.434,150.667,terminal_lower_col_34,vertical_terminal_strip,vertical,1,5,F34;H34
G35,terminal_lower,G,35,,,1392.373,533.191,1447.051,637.613,152.037,terminal_lower_col_35,vertical_terminal_strip,vertical,1,5,F35;H35
G36,terminal_lower,G,36,,,1430.406,533.191,1484.5,636.794,124.914,terminal_lower_col_36,vertical_terminal_strip,vertical,1,5,F36;H36
G37,terminal_lower,G,37,,,1468.438,533.191,1521.86,635.977,115.531,terminal_lower_col_37,vertical_terminal_strip,vertical,1,5,F37;H37
G38,terminal_lower,G,38,,,1506.471,533.191,1559.133,635.162,59.58,terminal_lower_col_38,vertical_terminal_strip,vertical,1,5,F38;H38
G39,terminal_lower,G,39,,,1544.503,533.191,1596.318,634.349,109.383,terminal_lower_col_39,vertical_terminal_strip,vertical,1,5,F39;H39
G40,terminal_lower,G,40,,,1582.536,533.191,1633.417,633.537,93.173,terminal_lower_col_40,vertical_terminal_strip,vertical,1,5,F40;H40
G41,terminal_lower,G,41,,,1620.568,533.191,1670.428,632.728,97.457,terminal_lower_col_41,vertical_terminal_strip,vertical,1,5,F41;H41
G42,terminal_lower,G,42,,,1658.601,533.191,1707.354,631.921,87.148,terminal_lower_col_42,vertical_terminal_strip,vertical,1,5,F42;H42
G43,terminal_lower,G,43,,,1696.633,533.191,1744.193,631.115,78.395,terminal_lower_col_43,vertical_terminal_strip,vertical,1,5,F43;H43
G44,terminal_lower,G,44,,,1734.666,533.191,1780.946,630.311,66.975,terminal_lower_col_44,vertical_terminal_strip,vertical,1,5,F44;H44
G45,terminal_lower,G,45,,,1772.698,533.191,1817.614,629.51,71.111,terminal_lower_col_45,vertical_terminal_strip,vertical,1,5,F45;H45
G46,terminal_lower,G,46,,,1810.731,533.191,1854.197,628.71,60.284,terminal_lower_col_46,vertical_terminal_strip,vertical,1,5,F46;H46
G47,terminal_lower,G,47,,,1848.763,533.191,1890.695,627.912,55.568,terminal_lower_col_47,vertical_terminal_strip,vertical,1,5,F47;H47
G48,terminal_lower,G,48,,,1886.796,533.191,1927.108,627.115,58.37,terminal_lower_col_48,vertical_terminal_strip,vertical,1,5,F48;H48
G49,terminal_lower,G,49,,,1924.828,533.191,1963.436,626.321,54.247,terminal_lower_col_49,vertical_terminal_strip,vertical,1,5,F49;H49
G50,terminal_lower,G,50,,,1962.861,533.191,1999.681,625.528,52.123,terminal_lower_col_50,vertical_terminal_strip,vertical,1,5,F50;H50
G51,terminal_lower,G,51,,,2000.893,533.191,2035.842,624.738,42.914,terminal_lower_col_51,vertical_terminal_strip,vertical,1,5,F51;H51
G52,terminal_lower,G,52,,,2038.926,533.191,2071.92,623.949,46.235,terminal_lower_col_52,vertical_terminal_strip,vertical,1,5,F52;H52
G53,terminal_lower,G,53,,,2076.958,533.191,2107.914,623.162,43.444,terminal_lower_col_53,vertical_terminal_strip,vertical,1,5,F53;H53
G54,terminal_lower,G,54,,,2114.991,533.191,2143.826,622.376,35.963,terminal_lower_col_54,vertical_terminal_strip,vertical,1,5,F54;H54
G55,terminal_lower,G,55,,,2153.023,533.191,2179.655,621.593,36.593,terminal_lower_col_55,vertical_terminal_strip,vertical,1,5,F55;H55
G56,terminal_lower,G,56,,,2191.056,533.191,2215.401,620.811,35.889,terminal_lower_col_56,vertical_terminal_strip,vertical,1,5,F56;H56
G57,terminal_lower,G,57,,,2229.088,533.191,2251.066,620.031,31.21,terminal_lower_col_57,vertical_terminal_strip,vertical,1,5,F57;H57
G58,terminal_lower,G,58,,,2267.121,533.191,2286.648,619.253,29.568,terminal_lower_col_58,vertical_terminal_strip,vertical,1,5,F58;H58
G59,terminal_lower,G,59,,,2305.153,533.191,2322.15,618.477,28.827,terminal_lower_col_59,vertical_terminal_strip,vertical,1,5,F59;H59
G60,terminal_lower,G,60,,,2343.186,533.191,2357.57,617.702,22.827,terminal_lower_col_60,vertical_terminal_strip,vertical,1,5,F60;H60
G61,terminal_lower,G,61,,,2381.218,533.191,2392.909,616.93,20.975,terminal_lower_col_61,vertical_terminal_strip,vertical,1,5,F61;H61
G62,terminal_lower,G,62,,,2419.251,533.191,2428.168,616.159,15.914,terminal_lower_col_62,vertical_terminal_strip,vertical,1,5,F62;H62
H00,terminal_lower,H,0,,,61.236,572.657,79.345,706.918,53.235,terminal_lower_col_00,vertical_terminal_strip,vertical,2,5,G00;I00
H01,terminal_lower,H,1,,,99.268,572.657,120.067,705.979,55.704,terminal_lower_col_01,vertical_terminal_strip,vertical,2,5,G01;I01
H02,terminal_lower,H,2,,,137.301,572.657,160.689,705.043,54.272,terminal_lower_col_02,vertical_terminal_strip,vertical,2,5,G02;I02
H03,terminal_lower,H,3,,,175.333,572.657,201.212,704.109,61.926,terminal_lower_col_03,vertical_terminal_strip,vertical,2,5,G03;I03
H04,terminal_lower,H,4,,,213.366,572.657,241.635,703.177,70.086,terminal_lower_col_04,vertical_terminal_strip,vertical,2,5,G04;I04
H05,terminal_lower,H,5,,,251.398,572.657,281.961,702.247,73.963,terminal_lower_col_05,vertical_terminal_strip,vertical,2,5,G05;I05
H06,terminal_lower,H,6,,,289.431,572.657,322.188,701.32,86.827,terminal_lower_col_06,vertical_terminal_strip,vertical,2,5,G06;I06
H07,terminal_lower,H,7,,,327.463,572.657,362.316,700.395,88.531,terminal_lower_col_07,vertical_terminal_strip,vertical,2,5,G07;I07
H08,terminal_lower,H,8,,,365.496,572.657,402.348,699.472,85.185,terminal_lower_col_08,vertical_terminal_strip,vertical,2,5,G08;I08
H09,terminal_lower,H,9,,,403.528,572.657,442.282,698.551,92.827,terminal_lower_col_09,vertical_terminal_strip,vertical,2,5,G09;I09
H10,terminal_lower,H,10,,,441.561,572.657,482.12,697.633,99.494,terminal_lower_col_10,vertical_terminal_strip,vertical,2,5,G10;I10
H11,terminal_lower,H,11,,,479.593,572.657,521.861,696.717,109.272,terminal_lower_col_11,vertical_terminal_strip,vertical,2,5,G11;I11
H12,terminal_lower,H,12,,,517.626,572.657,561.505,695.803,125.481,terminal_lower_col_12,vertical_terminal_strip,vertical,2,5,G12;I12
H13,terminal_lower,H,13,,,555.658,572.657,601.054,694.891,115.148,terminal_lower_col_13,vertical_terminal_strip,vertical,2,5,G13;I13
H14,terminal_lower,H,14,,,593.691,572.657,640.508,693.981,135.58,terminal_lower_col_14,vertical_terminal_strip,vertical,2,5,G14;I14
H15,terminal_lower,H,15,,,631.723,572.657,679.866,693.074,138.21,terminal_lower_col_15,vertical_terminal_strip,vertical,2,5,G15;I15
H16,terminal_lower,H,16,,,669.756,572.657,719.13,692.169,136.16,terminal_lower_col_16,vertical_terminal_strip,vertical,2,5,G16;I16
H17,terminal_lower,H,17,,,707.788,572.657,758.3,691.266,150.642,terminal_lower_col_17,vertical_terminal_strip,vertical,2,5,G17;I17
H18,terminal_lower,H,18,,,745.821,572.657,797.375,690.365,161.235,terminal_lower_col_18,vertical_terminal_strip,vertical,2,5,G18;I18
H19,terminal_lower,H,19,,,783.853,572.657,836.356,689.467,156.753,terminal_lower_col_19,vertical_terminal_strip,vertical,2,5,G19;I19
H20,terminal_lower,H,20,,,821.886,572.657,875.245,688.57,144.901,terminal_lower_col_20,vertical_terminal_strip,vertical,2,5,G20;I20
H21,terminal_lower,H,21,,,859.918,572.657,914.04,687.676,161.259,terminal_lower_col_21,vertical_terminal_strip,vertical,2,5,G21;I21
H22,terminal_lower,H,22,,,897.951,572.657,952.742,686.784,163.543,terminal_lower_col_22,vertical_terminal_strip,vertical,2,5,G22;I22
H23,terminal_lower,H,23,,,935.983,572.657,991.352,685.893,165.42,terminal_lower_col_23,vertical_terminal_strip,vertical,2,5,G23;I23
H24,terminal_lower,H,24,,,974.016,572.657,1029.87,685.005,153.556,terminal_lower_col_24,vertical_terminal_strip,vertical,2,5,G24;I24
H25,terminal_lower,H,25,,,1012.048,572.657,1068.296,684.12,143.679,terminal_lower_col_25,vertical_terminal_strip,vertical,2,5,G25;I25
H26,terminal_lower,H,26,,,1050.081,572.657,1106.631,683.236,157.58,terminal_lower_col_26,vertical_terminal_strip,vertical,2,5,G26;I26
H27,terminal_lower,H,27,,,1088.113,572.657,1144.875,682.354,152.42,terminal_lower_col_27,vertical_terminal_strip,vertical,2,5,G27;I27
H28,terminal_lower,H,28,,,1126.146,572.657,1183.027,681.475,151.704,terminal_lower_col_28,vertical_terminal_strip,vertical,2,5,G28;I28
H29,terminal_lower,H,29,,,1164.178,572.657,1221.09,680.597,145.519,terminal_lower_col_29,vertical_terminal_strip,vertical,2,5,G29;I29
H30,terminal_lower,H,30,,,1202.211,572.657,1259.062,679.722,157.198,terminal_lower_col_30,vertical_terminal_strip,vertical,2,5,G30;I30
H31,terminal_lower,H,31,,,1240.243,572.657,1296.945,678.849,140.568,terminal_lower_col_31,vertical_terminal_strip,vertical,2,5,G31;I31
H32,terminal_lower,H,32,,,1278.276,572.657,1334.738,677.977,144.654,terminal_lower_col_32,vertical_terminal_strip,vertical,2,5,G32;I32
H33,terminal_lower,H,33,,,1316.308,572.657,1372.442,677.108,146.63,terminal_lower_col_33,vertical_terminal_strip,vertical,2,5,G33;I33
H34,terminal_lower,H,34,,,1354.341,572.657,1410.057,676.241,139.37,terminal_lower_col_34,vertical_terminal_strip,vertical,2,5,G34;I34
H35,terminal_lower,H,35,,,1392.373,572.657,1447.584,675.376,139.012,terminal_lower_col_35,vertical_terminal_strip,vertical,2,5,G35;I35
H36,terminal_lower,H,36,,,1430.406,572.657,1485.022,674.513,119.901,terminal_lower_col_36,vertical_terminal_strip,vertical,2,5,G36;I36
H37,terminal_lower,H,37,,,1468.438,572.657,1522.373,673.652,110.086,terminal_lower_col_37,vertical_terminal_strip,vertical,2,5,G37;I37
H38,terminal_lower,H,38,,,1506.471,572.657,1559.636,672.793,97.877,terminal_lower_col_38,vertical_terminal_strip,vertical,2,5,G38;I38
H39,terminal_lower,H,39,,,1544.503,572.657,1596.811,671.936,104.938,terminal_lower_col_39,vertical_terminal_strip,vertical,2,5,G39;I39
H40,terminal_lower,H,40,,,1582.536,572.657,1633.9,671.081,93.914,terminal_lower_col_40,vertical_terminal_strip,vertical,2,5,G40;I40
H41,terminal_lower,H,41,,,1620.568,572.657,1670.902,670.228,82.642,terminal_lower_col_41,vertical_terminal_strip,vertical,2,5,G41;I41
H42,terminal_lower,H,42,,,1658.601,572.657,1707.818,669.377,81.037,terminal_lower_col_42,vertical_terminal_strip,vertical,2,5,G42;I42
H43,terminal_lower,H,43,,,1696.633,572.657,1744.647,668.528,78.531,terminal_lower_col_43,vertical_terminal_strip,vertical,2,5,G43;I43
H44,terminal_lower,H,44,,,1734.666,572.657,1781.391,667.681,57.395,terminal_lower_col_44,vertical_terminal_strip,vertical,2,5,G44;I44
H45,terminal_lower,H,45,,,1772.698,572.657,1818.049,666.836,60.469,terminal_lower_col_45,vertical_terminal_strip,vertical,2,5,G45;I45
H46,terminal_lower,H,46,,,1810.731,572.657,1854.622,665.992,51.815,terminal_lower_col_46,vertical_terminal_strip,vertical,2,5,G46;I46
H47,terminal_lower,H,47,,,1848.763,572.657,1891.11,665.151,48.704,terminal_lower_col_47,vertical_terminal_strip,vertical,2,5,G47;I47
H48,terminal_lower,H,48,,,1886.796,572.657,1927.514,664.312,52.148,terminal_lower_col_48,vertical_terminal_strip,vertical,2,5,G48;I48
H49,terminal_lower,H,49,,,1924.828,572.657,1963.833,663.475,51.346,terminal_lower_col_49,vertical_terminal_strip,vertical,2,5,G49;I49
H50,terminal_lower,H,50,,,1962.861,572.657,2000.069,662.639,50.802,terminal_lower_col_50,vertical_terminal_strip,vertical,2,5,G50;I50
H51,terminal_lower,H,51,,,2000.893,572.657,2036.22,661.806,43.222,terminal_lower_col_51,vertical_terminal_strip,vertical,2,5,G51;I51
H52,terminal_lower,H,52,,,2038.926,572.657,2072.289,660.975,40.926,terminal_lower_col_52,vertical_terminal_strip,vertical,2,5,G52;I52
H53,terminal_lower,H,53,,,2076.958,572.657,2108.274,660.145,38.025,terminal_lower_col_53,vertical_terminal_strip,vertical,2,5,G53;I53
H54,terminal_lower,H,54,,,2114.991,572.657,2144.176,659.317,34.37,terminal_lower_col_54,vertical_terminal_strip,vertical,2,5,G54;I54
H55,terminal_lower,H,55,,,2153.023,572.657,2179.996,658.492,34.185,terminal_lower_col_55,vertical_terminal_strip,vertical,2,5,G55;I55
H56,terminal_lower,H,56,,,2191.056,572.657,2215.733,657.668,35.284,terminal_lower_col_56,vertical_terminal_strip,vertical,2,5,G56;I56
H57,terminal_lower,H,57,,,2229.088,572.657,2251.389,656.846,27.42,terminal_lower_col_57,vertical_terminal_strip,vertical,2,5,G57;I57
H58,terminal_lower,H,58,,,2267.121,572.657,2286.962,656.026,29.333,terminal_lower_col_58,vertical_terminal_strip,vertical,2,5,G58;I58
H59,terminal_lower,H,59,,,2305.153,572.657,2322.455,655.208,26.691,terminal_lower_col_59,vertical_terminal_strip,vertical,2,5,G59;I59
H60,terminal_lower,H,60,,,2343.186,572.657,2357.866,654.391,22.0,terminal_lower_col_60,vertical_terminal_strip,vertical,2,5,G60;I60
H61,terminal_lower,H,61,,,2381.218,572.657,2393.196,653.577,20.309,terminal_lower_col_61,vertical_terminal_strip,vertical,2,5,G61;I61
H62,terminal_lower,H,62,,,2419.251,572.657,2428.446,652.764,19.136,terminal_lower_col_62,vertical_terminal_strip,vertical,2,5,G62;I62
I00,terminal_lower,I,0,,,61.236,612.123,80.257,746.275,50.025,terminal_lower_col_00,vertical_terminal_strip,vertical,3,5,H00;J00
I01,terminal_lower,I,1,,,99.268,612.123,120.967,745.288,50.802,terminal_lower_col_01,vertical_terminal_strip,vertical,3,5,H01;J01
I02,terminal_lower,I,2,,,137.301,612.123,161.578,744.304,53.457,terminal_lower_col_02,vertical_terminal_strip,vertical,3,5,H02;J02
I03,terminal_lower,I,3,,,175.333,612.123,202.089,743.322,55.062,terminal_lower_col_03,vertical_terminal_strip,vertical,3,5,H03;J03
I04,terminal_lower,I,4,,,213.366,612.123,242.501,742.342,61.728,terminal_lower_col_04,vertical_terminal_strip,vertical,3,5,H04;J04
I05,terminal_lower,I,5,,,251.398,612.123,282.815,741.365,63.531,terminal_lower_col_05,vertical_terminal_strip,vertical,3,5,H05;J05
I06,terminal_lower,I,6,,,289.431,612.123,323.03,740.39,74.16,terminal_lower_col_06,vertical_terminal_strip,vertical,3,5,H06;J06
I07,terminal_lower,I,7,,,327.463,612.123,363.148,739.418,69.84,terminal_lower_col_07,vertical_terminal_strip,vertical,3,5,H07;J07
I08,terminal_lower,I,8,,,365.496,612.123,403.168,738.448,73.309,terminal_lower_col_08,vertical_terminal_strip,vertical,3,5,H08;J08
I09,terminal_lower,I,9,,,403.528,612.123,443.091,737.48,90.691,terminal_lower_col_09,vertical_terminal_strip,vertical,3,5,H09;J09
I10,terminal_lower,I,10,,,441.561,612.123,482.917,736.515,97.605,terminal_lower_col_10,vertical_terminal_strip,vertical,3,5,H10;J10
I11,terminal_lower,I,11,,,479.593,612.123,522.647,735.552,99.259,terminal_lower_col_11,vertical_terminal_strip,vertical,3,5,H11;J11
I12,terminal_lower,I,12,,,517.626,612.123,562.28,734.591,101.556,terminal_lower_col_12,vertical_terminal_strip,vertical,3,5,H12;J12
I13,terminal_lower,I,13,,,555.658,612.123,601.818,733.633,101.852,terminal_lower_col_13,vertical_terminal_strip,vertical,3,5,H13;J13
I14,terminal_lower,I,14,,,593.691,612.123,641.261,732.677,131.284,terminal_lower_col_14,vertical_terminal_strip,vertical,3,5,H14;J14
I15,terminal_lower,I,15,,,631.723,612.123,680.608,731.723,135.21,terminal_lower_col_15,vertical_terminal_strip,vertical,3,5,H15;J15
I16,terminal_lower,I,16,,,669.756,612.123,719.861,730.772,150.346,terminal_lower_col_16,vertical_terminal_strip,vertical,3,5,H16;J16
I17,terminal_lower,I,17,,,707.788,612.123,759.02,729.823,149.086,terminal_lower_col_17,vertical_terminal_strip,vertical,3,5,H17;J17
I18,terminal_lower,I,18,,,745.821,612.123,798.084,728.876,151.062,terminal_lower_col_18,vertical_terminal_strip,vertical,3,5,H18;J18
I19,terminal_lower,I,19,,,783.853,612.123,837.055,727.931,162.309,terminal_lower_col_19,vertical_terminal_strip,vertical,3,5,H19;J19
I20,terminal_lower,I,20,,,821.886,612.123,875.932,726.989,156.901,terminal_lower_col_20,vertical_terminal_strip,vertical,3,5,H20;J20
I21,terminal_lower,I,21,,,859.918,612.123,914.717,726.049,148.432,terminal_lower_col_21,vertical_terminal_strip,vertical,3,5,H21;J21
I22,terminal_lower,I,22,,,897.951,612.123,953.408,725.111,155.988,terminal_lower_col_22,vertical_terminal_strip,vertical,3,5,H22;J22
I23,terminal_lower,I,23,,,935.983,612.123,992.008,724.175,162.667,terminal_lower_col_23,vertical_terminal_strip,vertical,3,5,H23;J23
I24,terminal_lower,I,24,,,974.016,612.123,1030.515,723.242,147.235,terminal_lower_col_24,vertical_terminal_strip,vertical,3,5,H24;J24
I25,terminal_lower,I,25,,,1012.048,612.123,1068.931,722.311,141.198,terminal_lower_col_25,vertical_terminal_strip,vertical,3,5,H25;J25
I26,terminal_lower,I,26,,,1050.081,612.123,1107.255,721.382,141.16,terminal_lower_col_26,vertical_terminal_strip,vertical,3,5,H26;J26
I27,terminal_lower,I,27,,,1088.113,612.123,1145.489,720.455,138.642,terminal_lower_col_27,vertical_terminal_strip,vertical,3,5,H27;J27
I28,terminal_lower,I,28,,,1126.146,612.123,1183.631,719.531,134.222,terminal_lower_col_28,vertical_terminal_strip,vertical,3,5,H28;J28
I29,terminal_lower,I,29,,,1164.178,612.123,1221.683,718.609,150.086,terminal_lower_col_29,vertical_terminal_strip,vertical,3,5,H29;J29
I30,terminal_lower,I,30,,,1202.211,612.123,1259.645,717.688,148.185,terminal_lower_col_30,vertical_terminal_strip,vertical,3,5,H30;J30
I31,terminal_lower,I,31,,,1240.243,612.123,1297.518,716.77,142.765,terminal_lower_col_31,vertical_terminal_strip,vertical,3,5,H31;J31
I32,terminal_lower,I,32,,,1278.276,612.123,1335.301,715.855,142.556,terminal_lower_col_32,vertical_terminal_strip,vertical,3,5,H32;J32
I33,terminal_lower,I,33,,,1316.308,612.123,1372.995,714.941,130.272,terminal_lower_col_33,vertical_terminal_strip,vertical,3,5,H33;J33
I34,terminal_lower,I,34,,,1354.341,612.123,1410.6,714.029,119.333,terminal_lower_col_34,vertical_terminal_strip,vertical,3,5,H34;J34
I35,terminal_lower,I,35,,,1392.373,612.123,1448.116,713.12,135.148,terminal_lower_col_35,vertical_terminal_strip,vertical,3,5,H35;J35
I36,terminal_lower,I,36,,,1430.406,612.123,1485.545,712.213,109.099,terminal_lower_col_36,vertical_terminal_strip,vertical,3,5,H36;J36
I37,terminal_lower,I,37,,,1468.438,612.123,1522.885,711.308,103.914,terminal_lower_col_37,vertical_terminal_strip,vertical,3,5,H37;J37
I38,terminal_lower,I,38,,,1506.471,612.123,1560.138,710.405,96.827,terminal_lower_col_38,vertical_terminal_strip,vertical,3,5,H38;J38
I39,terminal_lower,I,39,,,1544.503,612.123,1597.304,709.504,96.432,terminal_lower_col_39,vertical_terminal_strip,vertical,3,5,H39;J39
I40,terminal_lower,I,40,,,1582.536,612.123,1634.383,708.605,83.975,terminal_lower_col_40,vertical_terminal_strip,vertical,3,5,H40;J40
I41,terminal_lower,I,41,,,1620.568,612.123,1671.375,707.709,71.938,terminal_lower_col_41,vertical_terminal_strip,vertical,3,5,H41;J41
I42,terminal_lower,I,42,,,1658.601,612.123,1708.281,706.814,64.272,terminal_lower_col_42,vertical_terminal_strip,vertical,3,5,H42;J42
I43,terminal_lower,I,43,,,1696.633,612.123,1745.101,705.922,76.222,terminal_lower_col_43,vertical_terminal_strip,vertical,3,5,H43;J43
I44,terminal_lower,I,44,,,1734.666,612.123,1781.835,705.031,56.37,terminal_lower_col_44,vertical_terminal_strip,vertical,3,5,H44;J44
I45,terminal_lower,I,45,,,1772.698,612.123,1818.484,704.143,58.556,terminal_lower_col_45,vertical_terminal_strip,vertical,3,5,H45;J45
I46,terminal_lower,I,46,,,1810.731,612.123,1855.047,703.257,47.889,terminal_lower_col_46,vertical_terminal_strip,vertical,3,5,H46;J46
I47,terminal_lower,I,47,,,1848.763,612.123,1891.526,702.373,43.852,terminal_lower_col_47,vertical_terminal_strip,vertical,3,5,H47;J47
I48,terminal_lower,I,48,,,1886.796,612.123,1927.92,701.49,49.407,terminal_lower_col_48,vertical_terminal_strip,vertical,3,5,H48;J48
I49,terminal_lower,I,49,,,1924.828,612.123,1964.23,700.61,48.173,terminal_lower_col_49,vertical_terminal_strip,vertical,3,5,H49;J49
I50,terminal_lower,I,50,,,1962.861,612.123,2000.456,699.732,47.951,terminal_lower_col_50,vertical_terminal_strip,vertical,3,5,H50;J50
I51,terminal_lower,I,51,,,2000.893,612.123,2036.598,698.856,42.333,terminal_lower_col_51,vertical_terminal_strip,vertical,3,5,H51;J51
I52,terminal_lower,I,52,,,2038.926,612.123,2072.657,697.982,37.852,terminal_lower_col_52,vertical_terminal_strip,vertical,3,5,H52;J52
I53,terminal_lower,I,53,,,2076.958,612.123,2108.633,697.11,38.284,terminal_lower_col_53,vertical_terminal_strip,vertical,3,5,H53;J53
I54,terminal_lower,I,54,,,2114.991,612.123,2144.526,696.24,36.494,terminal_lower_col_54,vertical_terminal_strip,vertical,3,5,H54;J54
I55,terminal_lower,I,55,,,2153.023,612.123,2180.337,695.372,32.235,terminal_lower_col_55,vertical_terminal_strip,vertical,3,5,H55;J55
I56,terminal_lower,I,56,,,2191.056,612.123,2216.065,694.506,25.358,terminal_lower_col_56,vertical_terminal_strip,vertical,3,5,H56;J56
I57,terminal_lower,I,57,,,2229.088,612.123,2251.711,693.642,30.469,terminal_lower_col_57,vertical_terminal_strip,vertical,3,5,H57;J57
I58,terminal_lower,I,58,,,2267.121,612.123,2287.276,692.78,27.321,terminal_lower_col_58,vertical_terminal_strip,vertical,3,5,H58;J58
I59,terminal_lower,I,59,,,2305.153,612.123,2322.76,691.92,27.827,terminal_lower_col_59,vertical_terminal_strip,vertical,3,5,H59;J59
I60,terminal_lower,I,60,,,2343.186,612.123,2358.162,691.062,22.975,terminal_lower_col_60,vertical_terminal_strip,vertical,3,5,H60;J60
I61,terminal_lower,I,61,,,2381.218,612.123,2393.483,690.206,19.63,terminal_lower_col_61,vertical_terminal_strip,vertical,3,5,H61;J61
I62,terminal_lower,I,62,,,2419.251,612.123,2428.724,689.352,15.778,terminal_lower_col_62,vertical_terminal_strip,vertical,3,5,H62;J62
J00,terminal_lower,J,0,,,61.236,651.588,81.169,785.611,42.531,terminal_lower_col_00,vertical_terminal_strip,vertical,4,5,I00
J01,terminal_lower,J,1,,,99.268,651.588,121.868,784.576,41.728,terminal_lower_col_01,vertical_terminal_strip,vertical,4,5,I01
J02,terminal_lower,J,2,,,137.301,651.588,162.466,783.544,44.938,terminal_lower_col_02,vertical_terminal_strip,vertical,4,5,I02
J03,terminal_lower,J,3,,,175.333,651.588,202.966,782.515,47.691,terminal_lower_col_03,vertical_terminal_strip,vertical,4,5,I03
J04,terminal_lower,J,4,,,213.366,651.588,243.366,781.488,56.667,terminal_lower_col_04,vertical_terminal_strip,vertical,4,5,I04
J05,terminal_lower,J,5,,,251.398,651.588,283.669,780.463,61.519,terminal_lower_col_05,vertical_terminal_strip,vertical,4,5,I05
J06,terminal_lower,J,6,,,289.431,651.588,323.873,779.441,72.765,terminal_lower_col_06,vertical_terminal_strip,vertical,4,5,I06
J07,terminal_lower,J,7,,,327.463,651.588,363.979,778.421,71.506,terminal_lower_col_07,vertical_terminal_strip,vertical,4,5,I07
J08,terminal_lower,J,8,,,365.496,651.588,403.987,777.404,68.938,terminal_lower_col_08,vertical_terminal_strip,vertical,4,5,I08
J09,terminal_lower,J,9,,,403.528,651.588,443.899,776.389,89.667,terminal_lower_col_09,vertical_terminal_strip,vertical,4,5,I09
J10,terminal_lower,J,10,,,441.561,651.588,483.714,775.377,97.235,terminal_lower_col_10,vertical_terminal_strip,vertical,4,5,I10
J11,terminal_lower,J,11,,,479.593,651.588,523.433,774.367,103.148,terminal_lower_col_11,vertical_terminal_strip,vertical,4,5,I11
J12,terminal_lower,J,12,,,517.626,651.588,563.055,773.36,100.642,terminal_lower_col_12,vertical_terminal_strip,vertical,4,5,I12
J13,terminal_lower,J,13,,,555.658,651.588,602.582,772.355,110.086,terminal_lower_col_13,vertical_terminal_strip,vertical,4,5,I13
J14,terminal_lower,J,14,,,593.691,651.588,642.013,771.353,120.704,terminal_lower_col_14,vertical_terminal_strip,vertical,4,5,I14
J15,terminal_lower,J,15,,,631.723,651.588,681.35,770.353,133.765,terminal_lower_col_15,vertical_terminal_strip,vertical,4,5,I15
J16,terminal_lower,J,16,,,669.756,651.588,720.592,769.355,137.963,terminal_lower_col_16,vertical_terminal_strip,vertical,4,5,I16
J17,terminal_lower,J,17,,,707.788,651.588,759.739,768.36,146.654,terminal_lower_col_17,vertical_terminal_strip,vertical,4,5,I17
J18,terminal_lower,J,18,,,745.821,651.588,798.793,767.367,156.778,terminal_lower_col_18,vertical_terminal_strip,vertical,4,5,I18
J19,terminal_lower,J,19,,,783.853,651.588,837.753,766.376,145.568,terminal_lower_col_19,vertical_terminal_strip,vertical,4,5,I19
J20,terminal_lower,J,20,,,821.886,651.588,876.62,765.388,149.938,terminal_lower_col_20,vertical_terminal_strip,vertical,4,5,I20
J21,terminal_lower,J,21,,,859.918,651.588,915.393,764.403,157.827,terminal_lower_col_21,vertical_terminal_strip,vertical,4,5,I21
J22,terminal_lower,J,22,,,897.951,651.588,954.074,763.419,150.123,terminal_lower_col_22,vertical_terminal_strip,vertical,4,5,I22
J23,terminal_lower,J,23,,,935.983,651.588,992.663,762.438,155.531,terminal_lower_col_23,vertical_terminal_strip,vertical,4,5,I23
J24,terminal_lower,J,24,,,974.016,651.588,1031.16,761.459,148.025,terminal_lower_col_24,vertical_terminal_strip,vertical,4,5,I24
J25,terminal_lower,J,25,,,1012.048,651.588,1069.565,760.483,129.975,terminal_lower_col_25,vertical_terminal_strip,vertical,4,5,I25
J26,terminal_lower,J,26,,,1050.081,651.588,1107.879,759.509,120.296,terminal_lower_col_26,vertical_terminal_strip,vertical,4,5,I26
J27,terminal_lower,J,27,,,1088.113,651.588,1146.102,758.537,131.901,terminal_lower_col_27,vertical_terminal_strip,vertical,4,5,I27
J28,terminal_lower,J,28,,,1126.146,651.588,1184.234,757.568,131.506,terminal_lower_col_28,vertical_terminal_strip,vertical,4,5,I28
J29,terminal_lower,J,29,,,1164.178,651.588,1222.276,756.601,142.222,terminal_lower_col_29,vertical_terminal_strip,vertical,4,5,I29
J30,terminal_lower,J,30,,,1202.211,651.588,1260.228,755.636,143.185,terminal_lower_col_30,vertical_terminal_strip,vertical,4,5,I30
J31,terminal_lower,J,31,,,1240.243,651.588,1298.09,754.673,131.543,terminal_lower_col_31,vertical_terminal_strip,vertical,4,5,I31
J32,terminal_lower,J,32,,,1278.276,651.588,1335.863,753.713,136.148,terminal_lower_col_32,vertical_terminal_strip,vertical,4,5,I32
J33,terminal_lower,J,33,,,1316.308,651.588,1373.547,752.755,134.037,terminal_lower_col_33,vertical_terminal_strip,vertical,4,5,I33
J34,terminal_lower,J,34,,,1354.341,651.588,1411.142,751.799,114.84,terminal_lower_col_34,vertical_terminal_strip,vertical,4,5,I34
J35,terminal_lower,J,35,,,1392.373,651.588,1448.648,750.845,123.235,terminal_lower_col_35,vertical_terminal_strip,vertical,4,5,I35
J36,terminal_lower,J,36,,,1430.406,651.588,1486.067,749.894,104.074,terminal_lower_col_36,vertical_terminal_strip,vertical,4,5,I36
J37,terminal_lower,J,37,,,1468.438,651.588,1523.397,748.945,90.519,terminal_lower_col_37,vertical_terminal_strip,vertical,4,5,I37
J38,terminal_lower,J,38,,,1506.471,651.588,1560.641,747.998,90.0,terminal_lower_col_38,vertical_terminal_strip,vertical,4,5,I38
J39,terminal_lower,J,39,,,1544.503,651.588,1597.797,747.054,92.926,terminal_lower_col_39,vertical_terminal_strip,vertical,4,5,I39
J40,terminal_lower,J,40,,,1582.536,651.588,1634.866,746.111,83.062,terminal_lower_col_40,vertical_terminal_strip,vertical,4,5,I40
J41,terminal_lower,J,41,,,1620.568,651.588,1671.848,745.171,73.556,terminal_lower_col_41,vertical_terminal_strip,vertical,4,5,I41
J42,terminal_lower,J,42,,,1658.601,651.588,1708.744,744.233,64.432,terminal_lower_col_42,vertical_terminal_strip,vertical,4,5,I42
J43,terminal_lower,J,43,,,1696.633,651.588,1745.554,743.297,72.84,terminal_lower_col_43,vertical_terminal_strip,vertical,4,5,I43
J44,terminal_lower,J,44,,,1734.666,651.588,1782.279,742.363,55.358,terminal_lower_col_44,vertical_terminal_strip,vertical,4,5,I44
J45,terminal_lower,J,45,,,1772.698,651.588,1818.918,741.432,46.481,terminal_lower_col_45,vertical_terminal_strip,vertical,4,5,I45
J46,terminal_lower,J,46,,,1810.731,651.588,1855.472,740.503,46.617,terminal_lower_col_46,vertical_terminal_strip,vertical,4,5,I46
J47,terminal_lower,J,47,,,1848.763,651.588,1891.941,739.576,42.704,terminal_lower_col_47,vertical_terminal_strip,vertical,4,5,I47
J48,terminal_lower,J,48,,,1886.796,651.588,1928.326,738.651,46.469,terminal_lower_col_48,vertical_terminal_strip,vertical,4,5,I48
J49,terminal_lower,J,49,,,1924.828,651.588,1964.626,737.728,43.111,terminal_lower_col_49,vertical_terminal_strip,vertical,4,5,I49
J50,terminal_lower,J,50,,,1962.861,651.588,2000.843,736.807,41.383,terminal_lower_col_50,vertical_terminal_strip,vertical,4,5,I50
J51,terminal_lower,J,51,,,2000.893,651.588,2036.976,735.888,37.185,terminal_lower_col_51,vertical_terminal_strip,vertical,4,5,I51
J52,terminal_lower,J,52,,,2038.926,651.588,2073.026,734.972,36.037,terminal_lower_col_52,vertical_terminal_strip,vertical,4,5,I52
J53,terminal_lower,J,53,,,2076.958,651.588,2108.992,734.057,33.728,terminal_lower_col_53,vertical_terminal_strip,vertical,4,5,I53
J54,terminal_lower,J,54,,,2114.991,651.588,2144.876,733.145,33.765,terminal_lower_col_54,vertical_terminal_strip,vertical,4,5,I54
J55,terminal_lower,J,55,,,2153.023,651.588,2180.678,732.235,33.753,terminal_lower_col_55,vertical_terminal_strip,vertical,4,5,I55
J56,terminal_lower,J,56,,,2191.056,651.588,2216.397,731.327,28.889,terminal_lower_col_56,vertical_terminal_strip,vertical,4,5,I56
J57,terminal_lower,J,57,,,2229.088,651.588,2252.034,730.421,27.21,terminal_lower_col_57,vertical_terminal_strip,vertical,4,5,I57
J58,terminal_lower,J,58,,,2267.121,651.588,2287.59,729.517,25.383,terminal_lower_col_58,vertical_terminal_strip,vertical,4,5,I58
J59,terminal_lower,J,59,,,2305.153,651.588,2323.064,728.615,23.432,terminal_lower_col_59,vertical_terminal_strip,vertical,4,5,I59
J60,terminal_lower,J,60,,,2343.186,651.588,2358.458,727.715,22.963,terminal_lower_col_60,vertical_terminal_strip,vertical,4,5,I60
J61,terminal_lower,J,61,,,2381.218,651.588,2393.77,726.817,17.086,terminal_lower_col_61,vertical_terminal_strip,vertical,4,5,I61
J62,terminal_lower,J,62,,,2419.251,651.588,2429.002,725.922,13.63,terminal_lower_col_62,vertical_terminal_strip,vertical,4,5,I62
top_pos_00,power_rail,top_pos,0,0,0,130.93,59.739,142.271,192.969,15.198,power_rail_top_pos,horizontal_power_rail,horizontal,0,50,top_pos_01
top_pos_01,power_rail,top_pos,1,0,1,169.191,59.739,183.206,192.658,33.037,power_rail_top_pos,horizontal_power_rail,horizontal,1,50,top_pos_00;top_pos_02
top_pos_02,power_rail,top_pos,2,0,2,207.452,59.739,224.04,192.348,34.605,power_rail_top_pos,horizontal_power_rail,horizontal,2,50,top_pos_01;top_pos_03
top_pos_03,power_rail,top_pos,3,0,3,245.712,59.739,264.774,192.039,31.321,power_rail_top_pos,horizontal_power_rail,horizontal,3,50,top_pos_02;top_pos_04
top_pos_04,power_rail,top_pos,4,0,4,283.973,59.739,305.407,191.73,39.358,power_rail_top_pos,horizontal_power_rail,horizontal,4,50,top_pos_03;top_pos_05
top_pos_05,power_rail,top_pos,5,1,0,360.494,59.739,386.374,191.115,44.568,power_rail_top_pos,horizontal_power_rail,horizontal,5,50,top_pos_04;top_pos_06
top_pos_06,power_rail,top_pos,6,1,1,398.755,59.739,426.709,190.809,51.802,power_rail_top_pos,horizontal_power_rail,horizontal,6,50,top_pos_05;top_pos_07
top_pos_07,power_rail,top_pos,7,1,2,437.016,59.739,466.945,190.503,53.494,power_rail_top_pos,horizontal_power_rail,horizontal,7,50,top_pos_06;top_pos_08
top_pos_08,power_rail,top_pos,8,1,3,475.276,59.739,507.083,190.198,60.198,power_rail_top_pos,horizontal_power_rail,horizontal,8,50,top_pos_07;top_pos_09
top_pos_09,power_rail,top_pos,9,1,4,513.537,59.739,547.123,189.894,47.247,power_rail_top_pos,horizontal_power_rail,horizontal,9,50,top_pos_08;top_pos_10
top_pos_10,power_rail,top_pos,10,2,0,590.059,59.739,626.909,189.288,64.716,power_rail_top_pos,horizontal_power_rail,horizontal,10,50,top_pos_09;top_pos_11
top_pos_11,power_rail,top_pos,11,2,1,628.319,59.739,666.657,188.986,69.049,power_rail_top_pos,horizontal_power_rail,horizontal,11,50,top_pos_10;top_pos_12
top_pos_12,power_rail,top_pos,12,2,2,666.58,59.739,706.309,188.685,73.531,power_rail_top_pos,horizontal_power_rail,horizontal,12,50,top_pos_11;top_pos_13
top_pos_13,power_rail,top_pos,13,2,3,704.841,59.739,745.864,188.384,71.333,power_rail_top_pos,horizontal_power_rail,horizontal,13,50,top_pos_12;top_pos_14
top_pos_14,power_rail,top_pos,14,2,4,743.101,59.739,785.323,188.084,72.222,power_rail_top_pos,horizontal_power_rail,horizontal,14,50,top_pos_13;top_pos_15
top_pos_15,power_rail,top_pos,15,3,0,819.623,59.739,863.955,187.487,83.457,power_rail_top_pos,horizontal_power_rail,horizontal,15,50,top_pos_14;top_pos_16
top_pos_16,power_rail,top_pos,16,3,1,857.883,59.739,903.128,187.189,94.123,power_rail_top_pos,horizontal_power_rail,horizontal,16,50,top_pos_15;top_pos_17
top_pos_17,power_rail,top_pos,17,3,2,896.144,59.739,942.207,186.893,96.593,power_rail_top_pos,horizontal_power_rail,horizontal,17,50,top_pos_16;top_pos_18
top_pos_18,power_rail,top_pos,18,3,3,934.405,59.739,981.192,186.596,89.457,power_rail_top_pos,horizontal_power_rail,horizontal,18,50,top_pos_17;top_pos_19
top_pos_19,power_rail,top_pos,19,3,4,972.665,59.739,1020.083,186.301,75.346,power_rail_top_pos,horizontal_power_rail,horizontal,19,50,top_pos_18;top_pos_20
top_pos_20,power_rail,top_pos,20,4,0,1049.187,59.739,1097.585,185.712,98.84,power_rail_top_pos,horizontal_power_rail,horizontal,20,50,top_pos_19;top_pos_21
top_pos_21,power_rail,top_pos,21,4,1,1087.448,59.739,1136.196,185.419,96.802,power_rail_top_pos,horizontal_power_rail,horizontal,21,50,top_pos_20;top_pos_22
top_pos_22,power_rail,top_pos,22,4,2,1125.708,59.739,1174.716,185.126,95.593,power_rail_top_pos,horizontal_power_rail,horizontal,22,50,top_pos_21;top_pos_23
top_pos_23,power_rail,top_pos,23,4,3,1163.969,59.739,1213.143,184.834,94.877,power_rail_top_pos,horizontal_power_rail,horizontal,23,50,top_pos_22;top_pos_24
top_pos_24,power_rail,top_pos,24,4,4,1202.23,59.739,1251.478,184.543,77.321,power_rail_top_pos,horizontal_power_rail,horizontal,24,50,top_pos_23;top_pos_25
top_pos_25,power_rail,top_pos,25,5,0,1278.751,59.739,1327.874,183.963,55.086,power_rail_top_pos,horizontal_power_rail,horizontal,25,50,top_pos_24;top_pos_26
top_pos_26,power_rail,top_pos,26,5,1,1317.012,59.739,1365.935,183.674,72.556,power_rail_top_pos,horizontal_power_rail,horizontal,26,50,top_pos_25;top_pos_27
top_pos_27,power_rail,top_pos,27,5,2,1355.272,59.739,1403.906,183.385,72.605,power_rail_top_pos,horizontal_power_rail,horizontal,27,50,top_pos_26;top_pos_28
top_pos_28,power_rail,top_pos,28,5,3,1393.533,59.739,1441.787,183.097,57.506,power_rail_top_pos,horizontal_power_rail,horizontal,28,50,top_pos_27;top_pos_29
top_pos_29,power_rail,top_pos,29,5,4,1431.794,59.739,1479.578,182.81,49.16,power_rail_top_pos,horizontal_power_rail,horizontal,29,50,top_pos_28;top_pos_30
top_pos_30,power_rail,top_pos,30,6,0,1508.315,59.739,1554.892,182.238,63.086,power_rail_top_pos,horizontal_power_rail,horizontal,30,50,top_pos_29;top_pos_31
top_pos_31,power_rail,top_pos,31,6,1,1546.576,59.739,1592.416,181.953,53.654,power_rail_top_pos,horizontal_power_rail,horizontal,31,50,top_pos_30;top_pos_32
top_pos_32,power_rail,top_pos,32,6,2,1584.837,59.739,1629.85,181.669,51.691,power_rail_top_pos,horizontal_power_rail,horizontal,32,50,top_pos_31;top_pos_33
top_pos_33,power_rail,top_pos,33,6,3,1623.097,59.739,1667.197,181.385,46.778,power_rail_top_pos,horizontal_power_rail,horizontal,33,50,top_pos_32;top_pos_34
top_pos_34,power_rail,top_pos,34,6,4,1661.358,59.739,1704.455,181.102,39.37,power_rail_top_pos,horizontal_power_rail,horizontal,34,50,top_pos_33;top_pos_35
top_pos_35,power_rail,top_pos,35,7,0,1737.879,59.739,1778.709,180.538,41.79,power_rail_top_pos,horizontal_power_rail,horizontal,35,50,top_pos_34;top_pos_36
top_pos_36,power_rail,top_pos,36,7,1,1776.14,59.739,1815.706,180.257,37.481,power_rail_top_pos,horizontal_power_rail,horizontal,36,50,top_pos_35;top_pos_37
top_pos_37,power_rail,top_pos,37,7,2,1814.401,59.739,1852.616,179.977,34.827,power_rail_top_pos,horizontal_power_rail,horizontal,37,50,top_pos_36;top_pos_38
top_pos_38,power_rail,top_pos,38,7,3,1852.661,59.739,1889.439,179.697,26.086,power_rail_top_pos,horizontal_power_rail,horizontal,38,50,top_pos_37;top_pos_39
top_pos_39,power_rail,top_pos,39,7,4,1890.922,59.739,1926.176,179.418,30.852,power_rail_top_pos,horizontal_power_rail,horizontal,39,50,top_pos_38;top_pos_40
top_pos_40,power_rail,top_pos,40,8,0,1967.444,59.739,1999.393,178.861,46.951,power_rail_top_pos,horizontal_power_rail,horizontal,40,50,top_pos_39;top_pos_41
top_pos_41,power_rail,top_pos,41,8,1,2005.704,59.739,2035.873,178.584,33.272,power_rail_top_pos,horizontal_power_rail,horizontal,41,50,top_pos_40;top_pos_42
top_pos_42,power_rail,top_pos,42,8,2,2043.965,59.739,2072.269,178.308,32.667,power_rail_top_pos,horizontal_power_rail,horizontal,42,50,top_pos_41;top_pos_43
top_pos_43,power_rail,top_pos,43,8,3,2082.226,59.739,2108.58,178.032,28.037,power_rail_top_pos,horizontal_power_rail,horizontal,43,50,top_pos_42;top_pos_44
top_pos_44,power_rail,top_pos,44,8,4,2120.486,59.739,2144.806,177.757,15.21,power_rail_top_pos,horizontal_power_rail,horizontal,44,50,top_pos_43;top_pos_45
top_pos_45,power_rail,top_pos,45,9,0,2197.008,59.739,2217.008,177.208,18.728,power_rail_top_pos,horizontal_power_rail,horizontal,45,50,top_pos_44;top_pos_46
top_pos_46,power_rail,top_pos,46,9,1,2235.268,59.739,2252.983,176.935,16.642,power_rail_top_pos,horizontal_power_rail,horizontal,46,50,top_pos_45;top_pos_47
top_pos_47,power_rail,top_pos,47,9,2,2273.529,59.739,2288.875,176.662,7.691,power_rail_top_pos,horizontal_power_rail,horizontal,47,50,top_pos_46;top_pos_48
top_pos_48,power_rail,top_pos,48,9,3,2311.79,59.739,2324.684,176.39,6.593,power_rail_top_pos,horizontal_power_rail,horizontal,48,50,top_pos_47;top_pos_49
top_pos_49,power_rail,top_pos,49,9,4,2350.05,59.739,2360.411,176.119,4.185,power_rail_top_pos,horizontal_power_rail,horizontal,49,50,top_pos_48
top_neg_00,power_rail,top_neg,0,0,0,130.93,102.516,143.243,235.822,19.617,power_rail_top_neg,horizontal_power_rail,horizontal,0,50,top_neg_01
top_neg_01,power_rail,top_neg,1,0,1,169.191,102.516,184.165,235.458,41.975,power_rail_top_neg,horizontal_power_rail,horizontal,1,50,top_neg_00;top_neg_02
top_neg_02,power_rail,top_neg,2,0,2,207.452,102.516,224.987,235.095,46.272,power_rail_top_neg,horizontal_power_rail,horizontal,2,50,top_neg_01;top_neg_03
top_neg_03,power_rail,top_neg,3,0,3,245.712,102.516,265.708,234.733,45.728,power_rail_top_neg,horizontal_power_rail,horizontal,3,50,top_neg_02;top_neg_04
top_neg_04,power_rail,top_neg,4,0,4,283.973,102.516,306.328,234.372,45.519,power_rail_top_neg,horizontal_power_rail,horizontal,4,50,top_neg_03;top_neg_05
top_neg_05,power_rail,top_neg,5,1,0,360.494,102.516,387.271,233.653,53.136,power_rail_top_neg,horizontal_power_rail,horizontal,5,50,top_neg_04;top_neg_06
top_neg_06,power_rail,top_neg,6,1,1,398.755,102.516,427.593,233.294,47.074,power_rail_top_neg,horizontal_power_rail,horizontal,6,50,top_neg_05;top_neg_07
top_neg_07,power_rail,top_neg,7,1,2,437.016,102.516,467.817,232.937,52.654,power_rail_top_neg,horizontal_power_rail,horizontal,7,50,top_neg_06;top_neg_08
top_neg_08,power_rail,top_neg,8,1,3,475.276,102.516,507.942,232.58,50.975,power_rail_top_neg,horizontal_power_rail,horizontal,8,50,top_neg_07;top_neg_09
top_neg_09,power_rail,top_neg,9,1,4,513.537,102.516,547.97,232.224,58.58,power_rail_top_neg,horizontal_power_rail,horizontal,9,50,top_neg_08;top_neg_10
top_neg_10,power_rail,top_neg,10,2,0,590.059,102.516,627.732,231.515,69.012,power_rail_top_neg,horizontal_power_rail,horizontal,10,50,top_neg_09;top_neg_11
top_neg_11,power_rail,top_neg,11,2,1,628.319,102.516,667.468,231.162,78.358,power_rail_top_neg,horizontal_power_rail,horizontal,11,50,top_neg_10;top_neg_12
top_neg_12,power_rail,top_neg,12,2,2,666.58,102.516,707.107,230.81,83.284,power_rail_top_neg,horizontal_power_rail,horizontal,12,50,top_neg_11;top_neg_13
top_neg_13,power_rail,top_neg,13,2,3,704.841,102.516,746.65,230.458,73.704,power_rail_top_neg,horizontal_power_rail,horizontal,13,50,top_neg_12;top_neg_14
top_neg_14,power_rail,top_neg,14,2,4,743.101,102.516,786.097,230.107,79.716,power_rail_top_neg,horizontal_power_rail,horizontal,14,50,top_neg_13;top_neg_15
top_neg_15,power_rail,top_neg,15,3,0,819.623,102.516,864.706,229.409,77.864,power_rail_top_neg,horizontal_power_rail,horizontal,15,50,top_neg_14;top_neg_16
top_neg_16,power_rail,top_neg,16,3,1,857.883,102.516,903.867,229.061,73.333,power_rail_top_neg,horizontal_power_rail,horizontal,16,50,top_neg_15;top_neg_17
top_neg_17,power_rail,top_neg,17,3,2,896.144,102.516,942.935,228.713,81.432,power_rail_top_neg,horizontal_power_rail,horizontal,17,50,top_neg_16;top_neg_18
top_neg_18,power_rail,top_neg,18,3,3,934.405,102.516,981.908,228.367,101.222,power_rail_top_neg,horizontal_power_rail,horizontal,18,50,top_neg_17;top_neg_19
top_neg_19,power_rail,top_neg,19,3,4,972.665,102.516,1020.787,228.021,76.679,power_rail_top_neg,horizontal_power_rail,horizontal,19,50,top_neg_18;top_neg_20
top_neg_20,power_rail,top_neg,20,4,0,1049.187,102.516,1098.266,227.332,92.444,power_rail_top_neg,horizontal_power_rail,horizontal,20,50,top_neg_19;top_neg_21
top_neg_21,power_rail,top_neg,21,4,1,1087.448,102.516,1136.866,226.989,63.827,power_rail_top_neg,horizontal_power_rail,horizontal,21,50,top_neg_20;top_neg_22
top_neg_22,power_rail,top_neg,22,4,2,1125.708,102.516,1175.374,226.647,87.148,power_rail_top_neg,horizontal_power_rail,horizontal,22,50,top_neg_21;top_neg_23
top_neg_23,power_rail,top_neg,23,4,3,1163.969,102.516,1213.79,226.306,74.333,power_rail_top_neg,horizontal_power_rail,horizontal,23,50,top_neg_22;top_neg_24
top_neg_24,power_rail,top_neg,24,4,4,1202.23,102.516,1252.114,225.965,80.21,power_rail_top_neg,horizontal_power_rail,horizontal,24,50,top_neg_23;top_neg_25
top_neg_25,power_rail,top_neg,25,5,0,1278.751,102.516,1328.487,225.286,70.815,power_rail_top_neg,horizontal_power_rail,horizontal,25,50,top_neg_24;top_neg_26
top_neg_26,power_rail,top_neg,26,5,1,1317.012,102.516,1366.538,224.948,55.914,power_rail_top_neg,horizontal_power_rail,horizontal,26,50,top_neg_25;top_neg_27
top_neg_27,power_rail,top_neg,27,5,2,1355.272,102.516,1404.498,224.61,59.58,power_rail_top_neg,horizontal_power_rail,horizontal,27,50,top_neg_26;top_neg_28
top_neg_28,power_rail,top_neg,28,5,3,1393.533,102.516,1442.368,224.274,52.198,power_rail_top_neg,horizontal_power_rail,horizontal,28,50,top_neg_27;top_neg_29
top_neg_29,power_rail,top_neg,29,5,4,1431.794,102.516,1480.148,223.938,36.63,power_rail_top_neg,horizontal_power_rail,horizontal,29,50,top_neg_28;top_neg_30
top_neg_30,power_rail,top_neg,30,6,0,1508.315,102.516,1555.44,223.268,54.84,power_rail_top_neg,horizontal_power_rail,horizontal,30,50,top_neg_29;top_neg_31
top_neg_31,power_rail,top_neg,31,6,1,1546.576,102.516,1592.953,222.935,48.728,power_rail_top_neg,horizontal_power_rail,horizontal,31,50,top_neg_30;top_neg_32
top_neg_32,power_rail,top_neg,32,6,2,1584.837,102.516,1630.376,222.602,39.815,power_rail_top_neg,horizontal_power_rail,horizontal,32,50,top_neg_31;top_neg_33
top_neg_33,power_rail,top_neg,33,6,3,1623.097,102.516,1667.712,222.27,34.691,power_rail_top_neg,horizontal_power_rail,horizontal,33,50,top_neg_32;top_neg_34
top_neg_34,power_rail,top_neg,34,6,4,1661.358,102.516,1704.96,221.939,31.099,power_rail_top_neg,horizontal_power_rail,horizontal,34,50,top_neg_33;top_neg_35
top_neg_35,power_rail,top_neg,35,7,0,1737.879,102.516,1779.193,221.279,38.012,power_rail_top_neg,horizontal_power_rail,horizontal,35,50,top_neg_34;top_neg_36
top_neg_36,power_rail,top_neg,36,7,1,1776.14,102.516,1816.179,220.951,45.099,power_rail_top_neg,horizontal_power_rail,horizontal,36,50,top_neg_35;top_neg_37
top_neg_37,power_rail,top_neg,37,7,2,1814.401,102.516,1853.078,220.623,34.123,power_rail_top_neg,horizontal_power_rail,horizontal,37,50,top_neg_36;top_neg_38
top_neg_38,power_rail,top_neg,38,7,3,1852.661,102.516,1889.891,220.295,23.63,power_rail_top_neg,horizontal_power_rail,horizontal,38,50,top_neg_37;top_neg_39
top_neg_39,power_rail,top_neg,39,7,4,1890.922,102.516,1926.618,219.969,25.827,power_rail_top_neg,horizontal_power_rail,horizontal,39,50,top_neg_38;top_neg_40
top_neg_40,power_rail,top_neg,40,8,0,1967.444,102.516,1999.814,219.318,50.852,power_rail_top_neg,horizontal_power_rail,horizontal,40,50,top_neg_39;top_neg_41
top_neg_41,power_rail,top_neg,41,8,1,2005.704,102.516,2036.284,218.994,39.049,power_rail_top_neg,horizontal_power_rail,horizontal,41,50,top_neg_40;top_neg_42
top_neg_42,power_rail,top_neg,42,8,2,2043.965,102.516,2072.67,218.671,27.877,power_rail_top_neg,horizontal_power_rail,horizontal,42,50,top_neg_41;top_neg_43
top_neg_43,power_rail,top_neg,43,8,3,2082.226,102.516,2108.97,218.348,23.926,power_rail_top_neg,horizontal_power_rail,horizontal,43,50,top_neg_42;top_neg_44
top_neg_44,power_rail,top_neg,44,8,4,2120.486,102.516,2145.187,218.026,19.284,power_rail_top_neg,horizontal_power_rail,horizontal,44,50,top_neg_43;top_neg_45
top_neg_45,power_rail,top_neg,45,9,0,2197.008,102.516,2217.368,217.384,35.679,power_rail_top_neg,horizontal_power_rail,horizontal,45,50,top_neg_44;top_neg_46
top_neg_46,power_rail,top_neg,46,9,1,2235.268,102.516,2253.333,217.065,19.79,power_rail_top_neg,horizontal_power_rail,horizontal,46,50,top_neg_45;top_neg_47
top_neg_47,power_rail,top_neg,47,9,2,2273.529,102.516,2289.216,216.746,18.272,power_rail_top_neg,horizontal_power_rail,horizontal,47,50,top_neg_46;top_neg_48
top_neg_48,power_rail,top_neg,48,9,3,2311.79,102.516,2325.015,216.428,6.827,power_rail_top_neg,horizontal_power_rail,horizontal,48,50,top_neg_47;top_neg_49
top_neg_49,power_rail,top_neg,49,9,4,2350.05,102.516,2360.732,216.11,4.444,power_rail_top_neg,horizontal_power_rail,horizontal,49,50,top_neg_48
bottom_pos_00,power_rail,bottom_pos,0,0,0,130.93,765.84,158.248,897.226,8.691,power_rail_bottom_pos,horizontal_power_rail,horizontal,0,50,bottom_pos_01
bottom_pos_01,power_rail,bottom_pos,1,0,1,169.191,765.84,198.973,896.051,19.444,power_rail_bottom_pos,horizontal_power_rail,horizontal,1,50,bottom_pos_00;bottom_pos_02
bottom_pos_02,power_rail,bottom_pos,2,0,2,207.452,765.84,239.598,894.879,30.605,power_rail_bottom_pos,horizontal_power_rail,horizontal,2,50,bottom_pos_01;bottom_pos_03
bottom_pos_03,power_rail,bottom_pos,3,0,3,245.712,765.84,280.124,893.71,57.049,power_rail_bottom_pos,horizontal_power_rail,horizontal,3,50,bottom_pos_02;bottom_pos_04
bottom_pos_04,power_rail,bottom_pos,4,0,4,283.973,765.84,320.55,892.543,60.358,power_rail_bottom_pos,horizontal_power_rail,horizontal,4,50,bottom_pos_03;bottom_pos_05
bottom_pos_05,power_rail,bottom_pos,5,1,0,360.494,765.84,401.106,890.219,31.086,power_rail_bottom_pos,horizontal_power_rail,horizontal,5,50,bottom_pos_04;bottom_pos_06
bottom_pos_06,power_rail,bottom_pos,6,1,1,398.755,765.84,441.237,889.062,62.481,power_rail_bottom_pos,horizontal_power_rail,horizontal,6,50,bottom_pos_05;bottom_pos_07
bottom_pos_07,power_rail,bottom_pos,7,1,2,437.016,765.84,481.27,887.907,72.556,power_rail_bottom_pos,horizontal_power_rail,horizontal,7,50,bottom_pos_06;bottom_pos_08
bottom_pos_08,power_rail,bottom_pos,8,1,3,475.276,765.84,521.206,886.754,82.877,power_rail_bottom_pos,horizontal_power_rail,horizontal,8,50,bottom_pos_07;bottom_pos_09
bottom_pos_09,power_rail,bottom_pos,9,1,4,513.537,765.84,561.044,885.605,96.963,power_rail_bottom_pos,horizontal_power_rail,horizontal,9,50,bottom_pos_08;bottom_pos_10
bottom_pos_10,power_rail,bottom_pos,10,2,0,590.059,765.84,640.431,883.315,56.728,power_rail_bottom_pos,horizontal_power_rail,horizontal,10,50,bottom_pos_09;bottom_pos_11
bottom_pos_11,power_rail,bottom_pos,11,2,1,628.319,765.84,679.981,882.174,96.16,power_rail_bottom_pos,horizontal_power_rail,horizontal,11,50,bottom_pos_10;bottom_pos_12
bottom_pos_12,power_rail,bottom_pos,12,2,2,666.58,765.84,719.434,881.036,100.432,power_rail_bottom_pos,horizontal_power_rail,horizontal,12,50,bottom_pos_11;bottom_pos_13
bottom_pos_13,power_rail,bottom_pos,13,2,3,704.841,765.84,758.793,879.9,110.988,power_rail_bottom_pos,horizontal_power_rail,horizontal,13,50,bottom_pos_12;bottom_pos_14
bottom_pos_14,power_rail,bottom_pos,14,2,4,743.101,765.84,798.056,878.767,94.099,power_rail_bottom_pos,horizontal_power_rail,horizontal,14,50,bottom_pos_13;bottom_pos_15
bottom_pos_15,power_rail,bottom_pos,15,3,0,819.623,765.84,876.3,876.51,87.222,power_rail_bottom_pos,horizontal_power_rail,horizontal,15,50,bottom_pos_14;bottom_pos_16
bottom_pos_16,power_rail,bottom_pos,16,3,1,857.883,765.84,915.28,875.385,105.148,power_rail_bottom_pos,horizontal_power_rail,horizontal,16,50,bottom_pos_15;bottom_pos_17
bottom_pos_17,power_rail,bottom_pos,17,3,2,896.144,765.84,954.167,874.263,100.37,power_rail_bottom_pos,horizontal_power_rail,horizontal,17,50,bottom_pos_16;bottom_pos_18
bottom_pos_18,power_rail,bottom_pos,18,3,3,934.405,765.84,992.961,873.144,127.235,power_rail_bottom_pos,horizontal_power_rail,horizontal,18,50,bottom_pos_17;bottom_pos_19
bottom_pos_19,power_rail,bottom_pos,19,3,4,972.665,765.84,1031.661,872.028,104.469,power_rail_bottom_pos,horizontal_power_rail,horizontal,19,50,bottom_pos_18;bottom_pos_20
bottom_pos_20,power_rail,bottom_pos,20,4,0,1049.187,765.84,1108.785,869.803,106.654,power_rail_bottom_pos,horizontal_power_rail,horizontal,20,50,bottom_pos_19;bottom_pos_21
bottom_pos_21,power_rail,bottom_pos,21,4,1,1087.448,765.84,1147.209,868.694,99.321,power_rail_bottom_pos,horizontal_power_rail,horizontal,21,50,bottom_pos_20;bottom_pos_22
bottom_pos_22,power_rail,bottom_pos,22,4,2,1125.708,765.84,1185.541,867.588,123.309,power_rail_bottom_pos,horizontal_power_rail,horizontal,22,50,bottom_pos_21;bottom_pos_23
bottom_pos_23,power_rail,bottom_pos,23,4,3,1163.969,765.84,1223.782,866.485,117.679,power_rail_bottom_pos,horizontal_power_rail,horizontal,23,50,bottom_pos_22;bottom_pos_24
bottom_pos_24,power_rail,bottom_pos,24,4,4,1202.23,765.84,1261.932,865.384,121.642,power_rail_bottom_pos,horizontal_power_rail,horizontal,24,50,bottom_pos_23;bottom_pos_25
bottom_pos_25,power_rail,bottom_pos,25,5,0,1278.751,765.84,1337.961,863.191,117.975,power_rail_bottom_pos,horizontal_power_rail,horizontal,25,50,bottom_pos_24;bottom_pos_26
bottom_pos_26,power_rail,bottom_pos,26,5,1,1317.012,765.84,1375.84,862.098,116.469,power_rail_bottom_pos,horizontal_power_rail,horizontal,26,50,bottom_pos_25;bottom_pos_27
bottom_pos_27,power_rail,bottom_pos,27,5,2,1355.272,765.84,1413.629,861.008,107.556,power_rail_bottom_pos,horizontal_power_rail,horizontal,27,50,bottom_pos_26;bottom_pos_28
bottom_pos_28,power_rail,bottom_pos,28,5,3,1393.533,765.84,1451.329,859.92,119.556,power_rail_bottom_pos,horizontal_power_rail,horizontal,28,50,bottom_pos_27;bottom_pos_29
bottom_pos_29,power_rail,bottom_pos,29,5,4,1431.794,765.84,1488.94,858.835,107.259,power_rail_bottom_pos,horizontal_power_rail,horizontal,29,50,bottom_pos_28;bottom_pos_30
bottom_pos_30,power_rail,bottom_pos,30,6,0,1508.315,765.84,1563.896,856.673,94.222,power_rail_bottom_pos,horizontal_power_rail,horizontal,30,50,bottom_pos_29;bottom_pos_31
bottom_pos_31,power_rail,bottom_pos,31,6,1,1546.576,765.84,1601.242,855.595,88.914,power_rail_bottom_pos,horizontal_power_rail,horizontal,31,50,bottom_pos_30;bottom_pos_32
bottom_pos_32,power_rail,bottom_pos,32,6,2,1584.837,765.84,1638.5,854.52,76.531,power_rail_bottom_pos,horizontal_power_rail,horizontal,32,50,bottom_pos_31;bottom_pos_33
bottom_pos_33,power_rail,bottom_pos,33,6,3,1623.097,765.84,1675.67,853.448,74.778,power_rail_bottom_pos,horizontal_power_rail,horizontal,33,50,bottom_pos_32;bottom_pos_34
bottom_pos_34,power_rail,bottom_pos,34,6,4,1661.358,765.84,1712.754,852.378,65.765,power_rail_bottom_pos,horizontal_power_rail,horizontal,34,50,bottom_pos_33;bottom_pos_35
bottom_pos_35,power_rail,bottom_pos,35,7,0,1737.879,765.84,1786.66,850.246,58.272,power_rail_bottom_pos,horizontal_power_rail,horizontal,35,50,bottom_pos_34;bottom_pos_36
bottom_pos_36,power_rail,bottom_pos,36,7,1,1776.14,765.84,1823.483,849.184,55.667,power_rail_bottom_pos,horizontal_power_rail,horizontal,36,50,bottom_pos_35;bottom_pos_37
bottom_pos_37,power_rail,bottom_pos,37,7,2,1814.401,765.84,1860.221,848.124,60.667,power_rail_bottom_pos,horizontal_power_rail,horizontal,37,50,bottom_pos_36;bottom_pos_38
bottom_pos_38,power_rail,bottom_pos,38,7,3,1852.661,765.84,1896.873,847.066,60.642,power_rail_bottom_pos,horizontal_power_rail,horizontal,38,50,bottom_pos_37;bottom_pos_39
bottom_pos_39,power_rail,bottom_pos,39,7,4,1890.922,765.84,1933.44,846.011,55.222,power_rail_bottom_pos,horizontal_power_rail,horizontal,39,50,bottom_pos_38;bottom_pos_40
bottom_pos_40,power_rail,bottom_pos,40,8,0,1967.444,765.84,2006.318,843.909,65.728,power_rail_bottom_pos,horizontal_power_rail,horizontal,40,50,bottom_pos_39;bottom_pos_41
bottom_pos_41,power_rail,bottom_pos,41,8,1,2005.704,765.84,2042.63,842.861,66.79,power_rail_bottom_pos,horizontal_power_rail,horizontal,41,50,bottom_pos_40;bottom_pos_42
bottom_pos_42,power_rail,bottom_pos,42,8,2,2043.965,765.84,2078.859,841.816,60.42,power_rail_bottom_pos,horizontal_power_rail,horizontal,42,50,bottom_pos_41;bottom_pos_43
bottom_pos_43,power_rail,bottom_pos,43,8,3,2082.226,765.84,2115.003,840.773,51.926,power_rail_bottom_pos,horizontal_power_rail,horizontal,43,50,bottom_pos_42;bottom_pos_44
bottom_pos_44,power_rail,bottom_pos,44,8,4,2120.486,765.84,2151.063,839.733,30.086,power_rail_bottom_pos,horizontal_power_rail,horizontal,44,50,bottom_pos_43;bottom_pos_45
bottom_pos_45,power_rail,bottom_pos,45,9,0,2197.008,765.84,2222.935,837.659,35.938,power_rail_bottom_pos,horizontal_power_rail,horizontal,45,50,bottom_pos_44;bottom_pos_46
bottom_pos_46,power_rail,bottom_pos,46,9,1,2235.268,765.84,2258.747,836.626,40.123,power_rail_bottom_pos,horizontal_power_rail,horizontal,46,50,bottom_pos_45;bottom_pos_47
bottom_pos_47,power_rail,bottom_pos,47,9,2,2273.529,765.84,2294.476,835.595,19.309,power_rail_bottom_pos,horizontal_power_rail,horizontal,47,50,bottom_pos_46;bottom_pos_48
bottom_pos_48,power_rail,bottom_pos,48,9,3,2311.79,765.84,2330.123,834.567,14.16,power_rail_bottom_pos,horizontal_power_rail,horizontal,48,50,bottom_pos_47;bottom_pos_49
bottom_pos_49,power_rail,bottom_pos,49,9,4,2350.05,765.84,2365.688,833.541,3.432,power_rail_bottom_pos,horizontal_power_rail,horizontal,49,50,bottom_pos_48
bottom_neg_00,power_rail,bottom_neg,0,0,0,130.93,809.518,159.231,940.574,12.963,power_rail_bottom_neg,horizontal_power_rail,horizontal,0,50,bottom_neg_01
bottom_neg_01,power_rail,bottom_neg,1,0,1,169.191,809.518,199.944,939.347,15.444,power_rail_bottom_neg,horizontal_power_rail,horizontal,1,50,bottom_neg_00;bottom_neg_02
bottom_neg_02,power_rail,bottom_neg,2,0,2,207.452,809.518,240.556,938.122,18.975,power_rail_bottom_neg,horizontal_power_rail,horizontal,2,50,bottom_neg_01;bottom_neg_03
bottom_neg_03,power_rail,bottom_neg,3,0,3,245.712,809.518,281.069,936.9,27.136,power_rail_bottom_neg,horizontal_power_rail,horizontal,3,50,bottom_neg_02;bottom_neg_04
bottom_neg_04,power_rail,bottom_neg,4,0,4,283.973,809.518,321.482,935.681,33.309,power_rail_bottom_neg,horizontal_power_rail,horizontal,4,50,bottom_neg_03;bottom_neg_05
bottom_neg_05,power_rail,bottom_neg,5,1,0,360.494,809.518,402.013,933.252,33.148,power_rail_bottom_neg,horizontal_power_rail,horizontal,5,50,bottom_neg_04;bottom_neg_06
bottom_neg_06,power_rail,bottom_neg,6,1,1,398.755,809.518,442.131,932.042,51.741,power_rail_bottom_neg,horizontal_power_rail,horizontal,6,50,bottom_neg_05;bottom_neg_07
bottom_neg_07,power_rail,bottom_neg,7,1,2,437.016,809.518,482.152,930.835,65.247,power_rail_bottom_neg,horizontal_power_rail,horizontal,7,50,bottom_neg_06;bottom_neg_08
bottom_neg_08,power_rail,bottom_neg,8,1,3,475.276,809.518,522.075,929.631,71.074,power_rail_bottom_neg,horizontal_power_rail,horizontal,8,50,bottom_neg_07;bottom_neg_09
bottom_neg_09,power_rail,bottom_neg,9,1,4,513.537,809.518,561.901,928.43,85.259,power_rail_bottom_neg,horizontal_power_rail,horizontal,9,50,bottom_neg_08;bottom_neg_10
bottom_neg_10,power_rail,bottom_neg,10,2,0,590.059,809.518,641.264,926.037,80.259,power_rail_bottom_neg,horizontal_power_rail,horizontal,10,50,bottom_neg_09;bottom_neg_11
bottom_neg_11,power_rail,bottom_neg,11,2,1,628.319,809.518,680.801,924.844,91.901,power_rail_bottom_neg,horizontal_power_rail,horizontal,11,50,bottom_neg_10;bottom_neg_12
bottom_neg_12,power_rail,bottom_neg,12,2,2,666.58,809.518,720.242,923.655,121.679,power_rail_bottom_neg,horizontal_power_rail,horizontal,12,50,bottom_neg_11;bottom_neg_13
bottom_neg_13,power_rail,bottom_neg,13,2,3,704.841,809.518,759.589,922.468,116.753,power_rail_bottom_neg,horizontal_power_rail,horizontal,13,50,bottom_neg_12;bottom_neg_14
bottom_neg_14,power_rail,bottom_neg,14,2,4,743.101,809.518,798.84,921.284,125.926,power_rail_bottom_neg,horizontal_power_rail,horizontal,14,50,bottom_neg_13;bottom_neg_15
bottom_neg_15,power_rail,bottom_neg,15,3,0,819.623,809.518,877.06,918.925,112.099,power_rail_bottom_neg,horizontal_power_rail,horizontal,15,50,bottom_neg_14;bottom_neg_16
bottom_neg_16,power_rail,bottom_neg,16,3,1,857.883,809.518,916.028,917.75,122.963,power_rail_bottom_neg,horizontal_power_rail,horizontal,16,50,bottom_neg_15;bottom_neg_17
bottom_neg_17,power_rail,bottom_neg,17,3,2,896.144,809.518,954.903,916.578,121.222,power_rail_bottom_neg,horizontal_power_rail,horizontal,17,50,bottom_neg_16;bottom_neg_18
bottom_neg_18,power_rail,bottom_neg,18,3,3,934.405,809.518,993.685,915.408,122.099,power_rail_bottom_neg,horizontal_power_rail,horizontal,18,50,bottom_neg_17;bottom_neg_19
bottom_neg_19,power_rail,bottom_neg,19,3,4,972.665,809.518,1032.374,914.241,133.025,power_rail_bottom_neg,horizontal_power_rail,horizontal,19,50,bottom_neg_18;bottom_neg_20
bottom_neg_20,power_rail,bottom_neg,20,4,0,1049.187,809.518,1109.475,911.916,121.321,power_rail_bottom_neg,horizontal_power_rail,horizontal,20,50,bottom_neg_19;bottom_neg_21
bottom_neg_21,power_rail,bottom_neg,21,4,1,1087.448,809.518,1147.887,910.758,121.358,power_rail_bottom_neg,horizontal_power_rail,horizontal,21,50,bottom_neg_20;bottom_neg_22
bottom_neg_22,power_rail,bottom_neg,22,4,2,1125.708,809.518,1186.208,909.602,129.494,power_rail_bottom_neg,horizontal_power_rail,horizontal,22,50,bottom_neg_21;bottom_neg_23
bottom_neg_23,power_rail,bottom_neg,23,4,3,1163.969,809.518,1224.437,908.449,126.914,power_rail_bottom_neg,horizontal_power_rail,horizontal,23,50,bottom_neg_22;bottom_neg_24
bottom_neg_24,power_rail,bottom_neg,24,4,4,1202.23,809.518,1262.576,907.299,127.272,power_rail_bottom_neg,horizontal_power_rail,horizontal,24,50,bottom_neg_23;bottom_neg_25
bottom_neg_25,power_rail,bottom_neg,25,5,0,1278.751,809.518,1338.582,905.006,116.259,power_rail_bottom_neg,horizontal_power_rail,horizontal,25,50,bottom_neg_24;bottom_neg_26
bottom_neg_26,power_rail,bottom_neg,26,5,1,1317.012,809.518,1376.449,903.864,107.21,power_rail_bottom_neg,horizontal_power_rail,horizontal,26,50,bottom_neg_25;bottom_neg_27
bottom_neg_27,power_rail,bottom_neg,27,5,2,1355.272,809.518,1414.228,902.725,103.16,power_rail_bottom_neg,horizontal_power_rail,horizontal,27,50,bottom_neg_26;bottom_neg_28
bottom_neg_28,power_rail,bottom_neg,28,5,3,1393.533,809.518,1451.917,901.588,96.519,power_rail_bottom_neg,horizontal_power_rail,horizontal,28,50,bottom_neg_27;bottom_neg_29
bottom_neg_29,power_rail,bottom_neg,29,5,4,1431.794,809.518,1489.516,900.454,93.728,power_rail_bottom_neg,horizontal_power_rail,horizontal,29,50,bottom_neg_28;bottom_neg_30
bottom_neg_30,power_rail,bottom_neg,30,6,0,1508.315,809.518,1564.45,898.194,70.605,power_rail_bottom_neg,horizontal_power_rail,horizontal,30,50,bottom_neg_29;bottom_neg_31
bottom_neg_31,power_rail,bottom_neg,31,6,1,1546.576,809.518,1601.785,897.068,72.753,power_rail_bottom_neg,horizontal_power_rail,horizontal,31,50,bottom_neg_30;bottom_neg_32
bottom_neg_32,power_rail,bottom_neg,32,6,2,1584.837,809.518,1639.032,895.945,66.407,power_rail_bottom_neg,horizontal_power_rail,horizontal,32,50,bottom_neg_31;bottom_neg_33
bottom_neg_33,power_rail,bottom_neg,33,6,3,1623.097,809.518,1676.192,894.824,67.864,power_rail_bottom_neg,horizontal_power_rail,horizontal,33,50,bottom_neg_32;bottom_neg_34
bottom_neg_34,power_rail,bottom_neg,34,6,4,1661.358,809.518,1713.265,893.706,55.617,power_rail_bottom_neg,horizontal_power_rail,horizontal,34,50,bottom_neg_33;bottom_neg_35
bottom_neg_35,power_rail,bottom_neg,35,7,0,1737.879,809.518,1787.149,891.478,44.642,power_rail_bottom_neg,horizontal_power_rail,horizontal,35,50,bottom_neg_34;bottom_neg_36
bottom_neg_36,power_rail,bottom_neg,36,7,1,1776.14,809.518,1823.962,890.368,41.333,power_rail_bottom_neg,horizontal_power_rail,horizontal,36,50,bottom_neg_35;bottom_neg_37
bottom_neg_37,power_rail,bottom_neg,37,7,2,1814.401,809.518,1860.689,889.26,41.506,power_rail_bottom_neg,horizontal_power_rail,horizontal,37,50,bottom_neg_36;bottom_neg_38
bottom_neg_38,power_rail,bottom_neg,38,7,3,1852.661,809.518,1897.331,888.155,51.481,power_rail_bottom_neg,horizontal_power_rail,horizontal,38,50,bottom_neg_37;bottom_neg_39
bottom_neg_39,power_rail,bottom_neg,39,7,4,1890.922,809.518,1933.887,887.053,41.012,power_rail_bottom_neg,horizontal_power_rail,horizontal,39,50,bottom_neg_38;bottom_neg_40
bottom_neg_40,power_rail,bottom_neg,40,8,0,1967.444,809.518,2006.744,884.855,50.099,power_rail_bottom_neg,horizontal_power_rail,horizontal,40,50,bottom_neg_39;bottom_neg_41
bottom_neg_41,power_rail,bottom_neg,41,8,1,2005.704,809.518,2043.046,883.76,56.272,power_rail_bottom_neg,horizontal_power_rail,horizontal,41,50,bottom_neg_40;bottom_neg_42
bottom_neg_42,power_rail,bottom_neg,42,8,2,2043.965,809.518,2079.264,882.668,47.358,power_rail_bottom_neg,horizontal_power_rail,horizontal,42,50,bottom_neg_41;bottom_neg_43
bottom_neg_43,power_rail,bottom_neg,43,8,3,2082.226,809.518,2115.398,881.578,43.21,power_rail_bottom_neg,horizontal_power_rail,horizontal,43,50,bottom_neg_42;bottom_neg_44
bottom_neg_44,power_rail,bottom_neg,44,8,4,2120.486,809.518,2151.449,880.491,29.247,power_rail_bottom_neg,horizontal_power_rail,horizontal,44,50,bottom_neg_43;bottom_neg_45
bottom_neg_45,power_rail,bottom_neg,45,9,0,2197.008,809.518,2223.3,878.324,44.568,power_rail_bottom_neg,horizontal_power_rail,horizontal,45,50,bottom_neg_44;bottom_neg_46
bottom_neg_46,power_rail,bottom_neg,46,9,1,2235.268,809.518,2259.102,877.244,37.049,power_rail_bottom_neg,horizontal_power_rail,horizontal,46,50,bottom_neg_45;bottom_neg_47
bottom_neg_47,power_rail,bottom_neg,47,9,2,2273.529,809.518,2294.821,876.167,22.852,power_rail_bottom_neg,horizontal_power_rail,horizontal,47,50,bottom_neg_46;bottom_neg_48
bottom_neg_48,power_rail,bottom_neg,48,9,3,2311.79,809.518,2330.458,875.092,15.654,power_rail_bottom_neg,horizontal_power_rail,horizontal,48,50,bottom_neg_47;bottom_neg_49
bottom_neg_49,power_rail,bottom_neg,49,9,4,2350.05,809.518,2366.013,874.02,6.123,power_rail_bottom_neg,horizontal_power_rail,horizontal,49,50,bottom_neg_48
